id,title,description,price,image[0].url,url,brand,provider,status,activity_category,activity_date,location_name,performers,custom_number_0,custom_number_1,custom_label_0,custom_label_1,custom_label_2,custom_label_3,custom_number_2
132451,כרס של ארכיטקט,"כרס של ארכיטקט (בריטניה 1987)
BELLY OF AN ARCHITECT
בימוי: פיטר גרינאווי
Dr: Peter Greenaway
משחק: בריאן דנהי, קלואה ווב, למברט ווילסון
שני ארכיטקטים עומדים במרכז עלילת הסרט: הראשון בן המאה ה18-, אטיין לואי בולה, מי שהתפרסם בעיקר בזכות מבני קבורה מעגליים. האחר, דמות בדויה בת זמננו, הוא אדריכל משיקגו שמגיע לרומא כדי לארגן תערוכה על בולה. התערוכה הופכת לאובססיה: הוא שוקע כולו בעבר, שוכח את אשתו ההרה, ובמהלך תשעת חודשי שהותו ברומא מתערערת בריאותו. הוא סובל מכאבי בטן קשים ומאבד את אשתו, את בנו שעתיד להיוולד ובסופו של דבר גם את התערוכה. כמו ברוב סרטיו זורע גרינאווי בסרטו אינספור סמלים שמתאחדים לכדי אמירה פוסט-מודרנית על גורל האמן. הפתעה - לא מייקל ניימן אחראי על הפסקול (הנפלא כתמיד) בסרט זה, אלא המלחין הבלגי וים מרטנס. 
(118 דקות, אנגלית, תרגום לעברית)((118 min., Eng., Heb. sub

הקרנה חד פעמית.",45.00 ILS,https://www.cinema.co.il/wp-content/uploads/2023/12/%D7%9B%D7%A8%D7%A1-%D7%A9%D7%9C-%D7%90%D7%A8%D7%9B%D7%99%D7%98%D7%A7%D7%98.jpg,https://www.cinema.co.il/event/%d7%9b%d7%a8%d7%a1-%d7%a9%d7%9c-%d7%90%d7%a8%d7%9b%d7%99%d7%98%d7%a7%d7%98/,Cinematheque Tel Aviv,Cinematheque Tel Aviv,archived,Other,2026-09-05,אולם 3,,20260905,9999,05.09.2026 19:30,אולם 3,https://cintlv.presglobal.store/order/132451,,14080
133446,ערך סנטימנטלי,"ערך סנטימנטלי (נורבגיה/ גרמניה/ דנמרק/ צרפת/ שוודיה 2025 )
בימוי: יואכים טרייר
משחק: רנטה ריינסב, סטלן סקארסגארד, אל פאנינג
SENTIMENTAL VALUE
Dir: Joachim Trier 
הבמאי עטור הפרסים יואכים טרייר מתאחד עם רנטה ריינסב (""האדם הגרוע בעולם"") לדרמה מרגשת שהדהימה את פסטיבל קאן וגרפה את הפרס הגדול. לאחר מות אִמה של נורה חוזר לחייה אביה גוסטב (סטלן סקארסגארד), במאי קולנוע מפורסם, ובאמתחתו הצעה: הוא מעוניין שהיא תגלם את התפקיד הראשי ביצירה אוטוביוגרפית חדשה שעליה הוא עובד. נורה מסרבת, והתפקיד נמסר לשחקנית אמריקאית מבטיחה (אל פאנינג), שמשנה את מסלול הסרט. בין היעדרותה של האם האהובה, שובו של האב והעבודה על הסרט, נורה ואחותה אגנס מנסות לגשש את דרכן במבוך של רגשות סותרים ושאיפה לפתוח פרק חדש בחייהן.
132 דקות, נורבגית ואנגלית, תרגום לעברית ואנגלית",45.00 ILS,https://www.cinema.co.il/wp-content/uploads/2026/01/%D7%A2%D7%A8%D7%9A-%D7%A1%D7%A0%D7%98%D7%99%D7%9E%D7%A0%D7%98%D7%9C%D7%99.jpg,https://www.cinema.co.il/event/%d7%a2%d7%a8%d7%9a-%d7%a1%d7%a0%d7%98%d7%99%d7%9e%d7%a0%d7%98%d7%9c%d7%99/,Cinematheque Tel Aviv,Cinematheque Tel Aviv,archived,Other,2026-09-05,אולם 4,,20260905,9999,05.09.2026 19:30,אולם 4,https://cintlv.presglobal.store/order/133446,,19840
133209,סיפורים קרועים,"סיפורים קרועים (ספרד/ארגנטינה 2025)
בימוי: מריאנו כהן, גסטון דופראט
משחק: גילרמו פרנצ'לה, אורורה קוואטרוקי, אווה דה דומיניצ'י, גילרמו ארנגו, ז'ורז' באריל
HOMO ARGENTUM
Dir: Mariano Cohn, Gaston Duprat
קומדיה שחורה פרועה, מושחזת ומצחיקה עד דמעות, שהפכה ללהיט קופתי גדול. בהשראת הקומדיות האיטלקיות הקלאסיות של שנות ה-60 וה-70, הסרט משלב הומור שנון עם מבט חד על טבע האדם. באמצעות פסיפס של סיפורים קצרים, אירוניים ולעיתים אבסורדיים, הוא בוחן את השיגעונות, ההרגלים והמוזרויות שמעצבים את חיי היום-יום שלנו – ממערכות יחסים, אהבה ומשפחה ועד לעולם העבודה המנוכר. התוצאה היא דיוקן משעשע ונוקב של החברה העכשווית, כזה שמעורר צחוק גדול, אך גם מחשבות על מי שאנחנו ועל הדרך בה אנו חיים. השחקן המוערך גיירמו פרנצ'לה מוביל את הסרט בתצוגת משחק וירטואוזית ונוגעת ללב, כשהוא מגלם שורה של דמויות שונות, קיצוניות ומשעשעות.
98 דקות, ספרדית, תרגום לעברית ואנגלית
טרום בכורה באדיבות קולנוע חדש בע""מ

טרום בכורה באדיבות קולנוע",45.00 ILS,https://www.cinema.co.il/wp-content/uploads/2026/08/%D7%A1%D7%99%D7%A4%D7%95%D7%A8%D7%99%D7%9D-%D7%A7%D7%A8%D7%95%D7%A2%D7%99%D7%9D-1.jpg,https://www.cinema.co.il/event/%d7%a1%d7%99%d7%a4%d7%95%d7%a8%d7%99%d7%9d-%d7%a7%d7%a8%d7%95%d7%a2%d7%99%d7%9d/,Cinematheque Tel Aviv,Cinematheque Tel Aviv,archived,Other,2026-09-05,אולם 3,,20260905,9999,05.09.2026 22:00,אולם 3,https://cintlv.presglobal.store/order/133209,,20976
133609,"תמצאו אותי, טוב?","תמצאו אותי, טוב? (ישראל/ ארה""ב 2026)
בימוי: יולה גדרון
FIND ME, OKAY? 
Dir: Yula Gidron
בבוקר שבת, עדן ירושלמי וחברתה הטובה ארבל רוקדות בפסטיבל נובה. שעות אחדות לאחר מכן עדן נחטפת לעזה – בזמן שאחיותיה מאזינות למאורעות בחוסר אונים מהצד השני של קו הטלפון. מה שמתחיל עם תקווה נואשת לשובה הופך למסע של חוסר ודאות, מאבק ציבורי ואובדן מטלטל. ""תמצאו אותי, טוב?"" הוא תיעוד אינטימי של אמה של עדן, אחיותיה וחברתה הטובה ארבל במאבקן להשיב אותה הביתה – עד הרגע שבו התקווה קורסת. דיוקן של שנתיים של אהבה, אבל, חוסן נפשי ומשימה בלתי אפשרית: למצוא דרך להמשיך הלאה אחרי הטראומה ולבנות את החיים מחדש.

80 דקות, עברית ואנגלית, תרגום לעברית",45.00 ILS,https://www.cinema.co.il/wp-content/uploads/2026/07/%D7%AA%D7%9E%D7%A6%D7%90%D7%95-%D7%90%D7%95%D7%AA%D7%99-%D7%98%D7%95%D7%91.jpg,https://www.cinema.co.il/event/%d7%aa%d7%9e%d7%a6%d7%90%d7%95-%d7%90%d7%95%d7%aa%d7%99-%d7%98%d7%95%d7%91/,Cinematheque Tel Aviv,Cinematheque Tel Aviv,archived,Other,2026-09-05,אולם 4,,20260905,9999,05.09.2026 22:15,אולם 4,https://cintlv.presglobal.store/order/133609,,21188
131955,טינה טרום בכורה,"טינה (ניו זילנד 2025)
 בימוי: מיקי מאגסיבה
 משחק: אנאפלה פולטאיבאו, אנטוניה רובינסון, ביולה קואלה, ניקול ויפי, דליפ סונדהי
 TINĀ
 Dir: Miki Magasiva
 לאחר שבתה נהרגה ברעידת האדמה בכרייסטצ'רץ', מורה למוזיקה ממוצא סמואי מתקשה למצוא טעם בחייה. כשהיא מתחילה ללמד בבית ספר יוקרתי, היא פוגשת קבוצת תלמידים המתקשים למצוא את מקומם. מתוך אמונה בכוחה המאחד של המוזיקה, היא מקימה מקהלה המשלבת מסורת מוזיקלית סמואית עם שירת מקהלה מערבית. תהליך החזרות וההופעות הופך למסע של ריפוי, גילוי עצמי ויצירת קהילה חדשה, עבור התלמידים והמורה כאחד. דרמה מרגשת ומעוררת השראה, המשלבת מוזיקה סוחפת, תרבות סמואית עשירה וביצועי מקהלה מרשימים. זהו סרט על כוחה של השירה לחבר בין אנשים, לגשר על פערים ולהעניק תקווה.
 124 דקות, אנגלית וסמואית, תרגום לעברית.
 טרום בכורה באדיבות רד קייפ בע""מ",45.00 ILS,https://www.cinema.co.il/wp-content/uploads/2026/08/%D7%98%D7%99%D7%A0%D7%94.jpg,https://www.cinema.co.il/event/%d7%98%d7%99%d7%a0%d7%94-%d7%98%d7%a8%d7%95%d7%9d-%d7%91%d7%9b%d7%95%d7%a8%d7%94/,Cinematheque Tel Aviv,Cinematheque Tel Aviv,archived,Other,2026-09-06,אולם 4,,20260906,9999,06.09.2026 11:00,אולם 4,https://cintlv.presglobal.store/order/131955,,21205
132453,זה הדוד שלי,"זה הדוד שלי (צרפת 1958) בימוי: ז'אק טאטי משחק: טאטי, ז'אן פייר זולה, אלן בקור MON ONCLE Dir: Jacques Tati זירת ההתרחשות העיקרית היא בית אחותו של מר הולו, הנשואה לתעשיין אמיד. השניים עיצבו לעצמם חווילה בהשראת הארכיטקטורה והציור המודרניים, עם חזיתות מתכת, מינימום ריהוט וגינה מצויצת. הולו, שאינו מצליח ללכת בהתאם לקווי המיתאר המדויקים של הדשא המודרני ושמנסה להתחמק באלגנטיות מחיזוריה של אחת השכנות, מוצא שפה משותפת רק עם בן אחותו, שגם הוא אינו יכול להתמודד עם חוקי עולם המבוגרים. ""זה הדוד שלי"" הוא יצירה קומית מרירה העשויה בדקדקנות פרטנית ומתוך חזון ויזואלי וטכנולוגי מדהים. כמו בכל הפילמוגרפיה של ז'אק טאטי גם פה מבשיל ההומור בקצב משלו, ובהדרגה חושפת ההתבוננות החדה כי העולם הוא מעין סיוט מצחיק. (116 דקות. צרפתית, תרגום לעברית) (116 min., Fre., Heb. sub) עותק 35 מ""מ",45.00 ILS,https://www.cinema.co.il/wp-content/uploads/2021/03/%D7%96%D7%94-%D7%94%D7%93%D7%95%D7%93-%D7%A9%D7%9C%D7%99.jpg,https://www.cinema.co.il/event/%d7%96%d7%94-%d7%94%d7%93%d7%95%d7%93-%d7%a9%d7%9c%d7%99/,Cinematheque Tel Aviv,Cinematheque Tel Aviv,archived,Other,2026-09-06,אולם 3,,20260906,9999,06.09.2026 14:30,אולם 3,https://cintlv.presglobal.store/order/132453,"ארכיטקטורה בזמן: מבנים, ערים וחלומות בקולנוע",7502
133545,ערך סנטימנטלי,"ערך סנטימנטלי (נורבגיה/ גרמניה/ דנמרק/ צרפת/ שוודיה 2025 )
בימוי: יואכים טרייר
משחק: רנטה ריינסב, סטלן סקארסגארד, אל פאנינג
SENTIMENTAL VALUE
Dir: Joachim Trier 
הבמאי עטור הפרסים יואכים טרייר מתאחד עם רנטה ריינסב (""האדם הגרוע בעולם"") לדרמה מרגשת שהדהימה את פסטיבל קאן וגרפה את הפרס הגדול. לאחר מות אִמה של נורה חוזר לחייה אביה גוסטב (סטלן סקארסגארד), במאי קולנוע מפורסם, ובאמתחתו הצעה: הוא מעוניין שהיא תגלם את התפקיד הראשי ביצירה אוטוביוגרפית חדשה שעליה הוא עובד. נורה מסרבת, והתפקיד נמסר לשחקנית אמריקאית מבטיחה (אל פאנינג), שמשנה את מסלול הסרט. בין היעדרותה של האם האהובה, שובו של האב והעבודה על הסרט, נורה ואחותה אגנס מנסות לגשש את דרכן במבוך של רגשות סותרים ושאיפה לפתוח פרק חדש בחייהן.
132 דקות, נורבגית ואנגלית, תרגום לעברית ואנגלית",45.00 ILS,https://www.cinema.co.il/wp-content/uploads/2026/01/%D7%A2%D7%A8%D7%9A-%D7%A1%D7%A0%D7%98%D7%99%D7%9E%D7%A0%D7%98%D7%9C%D7%99.jpg,https://www.cinema.co.il/event/%d7%a2%d7%a8%d7%9a-%d7%a1%d7%a0%d7%98%d7%99%d7%9e%d7%a0%d7%98%d7%9c%d7%99/,Cinematheque Tel Aviv,Cinematheque Tel Aviv,archived,Other,2026-09-06,אולם 4,,20260906,9999,06.09.2026 16:30,אולם 4,https://cintlv.presglobal.store/order/133545,,19840
130745,תמול שלשום 2026 ב' - מפגש 5,"איך מתחילים מחדש אחרי המבול? איך מתחילים מחדש אחרי חורבן? מרצה: חן עמרם יוקרן: בשביל החיים מבוסס על סיפור אמיתי. ריינור ומות', זוג נשוי בגיל העמידה, מאבד את פרנסתו, ביתו וכל תקוותו. כשהגבר מגלה שהוא חולה במחלה סופנית, הזוג מחליט לצאת למסע רגלי משנה חיים בחופי דרום מערב אנגליה.",65.00 ILS,https://www.cinema.co.il/wp-content/uploads/2025/08/%D7%91%D7%A9%D7%91%D7%99%D7%9C-%D7%94%D7%97%D7%99%D7%99%D7%9D.jpg,https://www.cinema.co.il/event/%d7%aa%d7%9e%d7%95%d7%9c-%d7%a9%d7%9c%d7%a9%d7%95%d7%9d-2026-%d7%91-%d7%9e%d7%a4%d7%92%d7%a9-5/,Cinematheque Tel Aviv,Cinematheque Tel Aviv,archived,Other,2026-09-06,אולם 3,,20260906,9999,06.09.2026 17:00,אולם 3,https://cintlv.presglobal.store/order/130745,תמול שלשום 2026 | חלק ב',21001
132774,מה שמריאל יודעת,"מה שמריאל יודעת (גרמניה 2025)
בימוי: פרדריק האמבלק
משחק: ג'וליה ג'נטש, פליקס קריימר, לאני גריזלר, מחמט אצקי, מוריץ טרונפלס
WHAT MARIELLE KNOWS
Dir: Frederic Hambalek
מריאל מפתחת בן לילה יכולת לראות ולשמוע כל מה שהוריה, יוליה וטוביאס, רואים, חושבים ועושים. ההורים מתקשים להתמודד עם היכולת הטלפתית של בתם ועם התעקשותה לחשוף את השקרים הקטנים והעמדות הפנים שעוזרות להם (ולכולנו) לצלוח את החיים. עד מהרה, הם מוצאים עצמם בסחרור מניפולטיבי, אבסורדי, עם תוצאות לא צפויות. ""מה שמריאל יודעת"" - דרמה מושחזת, מקורית ומעוררת מחשבה - מגיעה לחיפה מן הבכורה במסגרת התחרות בפסטיבל ברלין. הסרט מקלף את המעטפת המושלמת של זוג מבוסס ולוקח אותנו למסע אינטליגנטי וקומי אל לבה השברירי של הבורגנות האירופאית.
טריילר - https://www.youtube.com/watch?v=8cGtU2aY2zw&ab_channel=DCM
86 דקות, גרמנית, צרפתית. תרגום לעברית ואנגלית",45.00 ILS,https://www.cinema.co.il/wp-content/uploads/2026/04/%D7%9E%D7%94-%D7%A9%D7%9E%D7%A8%D7%99%D7%90%D7%9C-%D7%99%D7%95%D7%93%D7%A2%D7%AA.jpg,https://www.cinema.co.il/event/%d7%9e%d7%94-%d7%a9%d7%9e%d7%a8%d7%99%d7%90%d7%9c-%d7%99%d7%95%d7%93%d7%a2%d7%aa/,Cinematheque Tel Aviv,Cinematheque Tel Aviv,archived,Other,2026-09-06,אולם 4,,20260906,9999,06.09.2026 19:15,אולם 4,https://cintlv.presglobal.store/order/132774,,21283
133546,סיפורים קרועים,"סיפורים קרועים (ספרד/ארגנטינה 2025)
בימוי: מריאנו כהן, גסטון דופראט
משחק: גילרמו פרנצ'לה, אורורה קוואטרוקי, אווה דה דומיניצ'י, גילרמו ארנגו, ז'ורז' באריל
HOMO ARGENTUM
Dir: Mariano Cohn, Gaston Duprat
קומדיה שחורה פרועה, מושחזת ומצחיקה עד דמעות, שהפכה ללהיט קופתי גדול. בהשראת הקומדיות האיטלקיות הקלאסיות של שנות ה-60 וה-70, הסרט משלב הומור שנון עם מבט חד על טבע האדם. באמצעות פסיפס של סיפורים קצרים, אירוניים ולעיתים אבסורדיים, הוא בוחן את השיגעונות, ההרגלים והמוזרויות שמעצבים את חיי היום-יום שלנו – ממערכות יחסים, אהבה ומשפחה ועד לעולם העבודה המנוכר. התוצאה היא דיוקן משעשע ונוקב של החברה העכשווית, כזה שמעורר צחוק גדול, אך גם מחשבות על מי שאנחנו ועל הדרך בה אנו חיים. השחקן המוערך גיירמו פרנצ'לה מוביל את הסרט בתצוגת משחק וירטואוזית ונוגעת ללב, כשהוא מגלם שורה של דמויות שונות, קיצוניות ומשעשעות.
98 דקות, ספרדית, תרגום לעברית ואנגלית
טרום בכורה באדיבות קולנוע חדש בע""מ

טרום בכורה באדיבות קולנוע",45.00 ILS,https://www.cinema.co.il/wp-content/uploads/2026/08/%D7%A1%D7%99%D7%A4%D7%95%D7%A8%D7%99%D7%9D-%D7%A7%D7%A8%D7%95%D7%A2%D7%99%D7%9D-1.jpg,https://www.cinema.co.il/event/%d7%a1%d7%99%d7%a4%d7%95%d7%a8%d7%99%d7%9d-%d7%a7%d7%a8%d7%95%d7%a2%d7%99%d7%9d/,Cinematheque Tel Aviv,Cinematheque Tel Aviv,archived,Other,2026-09-06,אולם 4,,20260906,9999,06.09.2026 21:15,אולם 4,https://cintlv.presglobal.store/order/133546,,20976
132741,חולים על החיים SUNNY DANCER טרום בכורה,"חולים על החיים (בריטניה 2026)
 בימוי: ג'ורג' ג'אק
 משחק: ג'יימס נורטון, ניל פטריק האריס, בלה רמזי
 SUNNY DANCER
 Dir: George Jacques
 כאילו שלנצח את מחלת הסרטן לא קשה מספיק, ההורים של אייבי בת ה-17 רשמו אותה למה שהיא מכנה ""מחנה כימו"". אך החוויה המפתיעה מובילה את אייבי לפתח חברות לא צפויה עם קבוצה של אאוטסיידרים הזויים, ולחוות קיץ שלא תשכח לעולם. הדרמה הקומית בכיכובם של, כבשה את פסטיבל ברלין וגרפה שבחים רבים מהמבקרים, שטענו כי עם הופעות מעולות וסיפור נוגע ללב, Sunny Dancer מביא חום ואהבה חדשים לז'אנר סרטי הנוער על מחלת הסרטן.
 106 דקות, אנגלית, תרגום לעברית",45.00 ILS,https://www.cinema.co.il/wp-content/uploads/2026/08/%D7%97%D7%95%D7%9C%D7%99%D7%9D-%D7%A2%D7%9C-%D7%94%D7%97%D7%99%D7%99%D7%9D.jpg,https://www.cinema.co.il/event/%d7%97%d7%95%d7%9c%d7%99%d7%9d-%d7%a2%d7%9c-%d7%94%d7%97%d7%99%d7%99%d7%9d-sunny-dancer-%d7%98%d7%a8%d7%95%d7%9d-%d7%91%d7%9b%d7%95%d7%a8%d7%94/,Cinematheque Tel Aviv,Cinematheque Tel Aviv,archived,Other,2026-09-06,אולם 3,,20260906,9999,06.09.2026 21:30,אולם 3,https://cintlv.presglobal.store/order/132741,,21278
129734,בוקר חשיפה - סדרות העשרה + טרום בכורה,"בוקר של תרבות עם טעימה ממגוון סדרות העשרה החדשות של סינמטק תל אביב + הקרנת טרום בכורה של הסרט ""מתכון מנצח"" מרחיבים את הדעת עם הדמויות המובילות ופורצות הגבולות בבוקר חשיפה חגיגי לסדרות ההעשרה המיוחדות של סינמטק תל אביב לעונת 2026/27 והקרנת סרט בטרום בכורה בתכנית: 10:00 טעימה חוויתית עם המרצים: איתי אנגל רחל אסתרקין […]",10.00 ILS,https://www.cinema.co.il/wp-content/uploads/2026/05/%D7%9E%D7%AA%D7%9B%D7%95%D7%9F-%D7%9E%D7%A0%D7%A6%D7%97.jpg,https://www.cinema.co.il/event/%d7%91%d7%95%d7%a7%d7%a8-%d7%97%d7%a9%d7%99%d7%a4%d7%94-%d7%a1%d7%93%d7%a8%d7%95%d7%aa-%d7%94%d7%a2%d7%a9%d7%a8%d7%94/,Cinematheque Tel Aviv,Cinematheque Tel Aviv,active,Other,2026-09-07,אולם 3,,20260907,0,07.09.2026 10:00,אולם 3,https://cintlv.presglobal.store/order/129734,,4220
129735,בוקר חשיפה - סדרות העשרה + טרום בכורה,"בוקר של תרבות עם טעימה ממגוון סדרות העשרה החדשות של סינמטק תל אביב + הקרנת טרום בכורה של הסרט ""מתכון מנצח"" מרחיבים את הדעת עם הדמויות המובילות ופורצות הגבולות בבוקר חשיפה חגיגי לסדרות ההעשרה המיוחדות של סינמטק תל אביב לעונת 2026/27 והקרנת סרט בטרום בכורה בתכנית: 10:00 טעימה חוויתית עם המרצים: איתי אנגל רחל אסתרקין […]",10.00 ILS,https://www.cinema.co.il/wp-content/uploads/2026/05/%D7%9E%D7%AA%D7%9B%D7%95%D7%9F-%D7%9E%D7%A0%D7%A6%D7%97.jpg,https://www.cinema.co.il/event/%d7%91%d7%95%d7%a7%d7%a8-%d7%97%d7%a9%d7%99%d7%a4%d7%94-%d7%a1%d7%93%d7%a8%d7%95%d7%aa-%d7%94%d7%a2%d7%a9%d7%a8%d7%94/,Cinematheque Tel Aviv,Cinematheque Tel Aviv,active,Other,2026-09-07,אולם 4,,20260907,0,07.09.2026 10:00,אולם 4,https://cintlv.presglobal.store/order/129735,,4220
133668,מאמא,"מאמא (ישראל/ פולין/ איטליה 2025)
בימוי: אור סיני
משחק: יבגניה דודינה, ארקדיוש יקוביק, קתז'ינה לוביק, חלי גולדנברג
MAMA
Dir: Or Sinai
מילה (יבגניה דודינה) חוזרת הביתה אחרי שנים כדי לפגוש את בעלה ובתה, סוף־סוף לא דרך מסך הטלפון. היא משאירה מאחור רומן סודי ואת חייה הזמניים בישראל, כדי לתפוס מחדש את מקומה בחיק משפחתה שנשארה בכפר עני בפולין. להפתעתה, המציאות בבית שונה לגמרי מזו שדמיינה והיא תיאלץ להכיר במחירן של הבחירות שעשתה בחייה.הסרט הוקרן בבכורה עולמית בפסטיבל קאן וזכה בפרס הסרט הטוב ביותר בפסטיבל הבינלאומי לסרטי נשים בירושלים.

93 דקות, עברית ופולנית, תרגום לעברית
טרום בכורה באדיבות סרטי נחשון
טריילר: 
https://vimeo.com/1153512115/4df7dcaafd?share=copy&fl=sv&fe=ci",45.00 ILS,https://www.cinema.co.il/wp-content/uploads/2026/02/%D7%9E%D7%90%D7%9E%D7%90.jpg,https://www.cinema.co.il/event/%d7%9e%d7%90%d7%9e%d7%90/,Cinematheque Tel Aviv,Cinematheque Tel Aviv,active,Other,2026-09-07,אולם 4,,20260907,0,07.09.2026 14:30,אולם 4,https://cintlv.presglobal.store/order/133668,,20570
133547,ערך סנטימנטלי,"ערך סנטימנטלי (נורבגיה/ גרמניה/ דנמרק/ צרפת/ שוודיה 2025 )
בימוי: יואכים טרייר
משחק: רנטה ריינסב, סטלן סקארסגארד, אל פאנינג
SENTIMENTAL VALUE
Dir: Joachim Trier 
הבמאי עטור הפרסים יואכים טרייר מתאחד עם רנטה ריינסב (""האדם הגרוע בעולם"") לדרמה מרגשת שהדהימה את פסטיבל קאן וגרפה את הפרס הגדול. לאחר מות אִמה של נורה חוזר לחייה אביה גוסטב (סטלן סקארסגארד), במאי קולנוע מפורסם, ובאמתחתו הצעה: הוא מעוניין שהיא תגלם את התפקיד הראשי ביצירה אוטוביוגרפית חדשה שעליה הוא עובד. נורה מסרבת, והתפקיד נמסר לשחקנית אמריקאית מבטיחה (אל פאנינג), שמשנה את מסלול הסרט. בין היעדרותה של האם האהובה, שובו של האב והעבודה על הסרט, נורה ואחותה אגנס מנסות לגשש את דרכן במבוך של רגשות סותרים ושאיפה לפתוח פרק חדש בחייהן.
132 דקות, נורבגית ואנגלית, תרגום לעברית ואנגלית",45.00 ILS,https://www.cinema.co.il/wp-content/uploads/2026/01/%D7%A2%D7%A8%D7%9A-%D7%A1%D7%A0%D7%98%D7%99%D7%9E%D7%A0%D7%98%D7%9C%D7%99.jpg,https://www.cinema.co.il/event/%d7%a2%d7%a8%d7%9a-%d7%a1%d7%a0%d7%98%d7%99%d7%9e%d7%a0%d7%98%d7%9c%d7%99/,Cinematheque Tel Aviv,Cinematheque Tel Aviv,active,Other,2026-09-07,אולם 3,,20260907,0,07.09.2026 15:15,אולם 3,https://cintlv.presglobal.store/order/133547,,19840
133564,בחזרה מהימלאיה,"בחזרה מההימלאיה (ספרד 2024)
בימוי: סלבדור קאלבו
משחק: מיגל הראן, סוסנה אבאיטואה, אלכסנדרה מסנגקאיי
Valley of Shadows
Dir: Salvador Calvo
קיקה, קלרה ובנה לוקאס יוצאים לחופשה בצפון הודו. במהלך לילה סוער, תקרית דרמטית מפרידה ביניהם וקיקה מחולץ כשהוא פצוע ומובל אל כפר מבודד למרגלות ההימלאיה. שם, למול היופי הבלתי נתפס, קיקה מתאושש בהדרגה ולומד את אורח חייהם הייחודי של בני השבט – את המסורות, האמונות והקשר העמוק לטבע. תהליך ההחלמה הופך למסע פנימי של גילוי עצמי וגאולה, עד שלבסוף, קיקה מתחזק ומסוגל לצאת לדרך ולתפוס חזרה את מקומו בעולם, כשהוא כבר אינו אותו אדם.
120 דקות, ספרדית בתרגום לעברית ולאנגלית..",45.00 ILS,https://www.cinema.co.il/wp-content/uploads/2025/10/%D7%91%D7%97%D7%96%D7%A8%D7%94-%D7%9E%D7%94%D7%94%D7%99%D7%9E%D7%9C%D7%90%D7%99%D7%94.jpg,https://www.cinema.co.il/event/%d7%91%d7%97%d7%96%d7%a8%d7%94-%d7%9e%d7%94%d7%94%d7%99%d7%9e%d7%9c%d7%90%d7%99%d7%94/,Cinematheque Tel Aviv,Cinematheque Tel Aviv,active,Other,2026-09-07,אולם 4,,20260907,0,07.09.2026 16:30,אולם 4,https://cintlv.presglobal.store/order/133564,,21166
132414,כרס של ארכיטקט,"כרס של ארכיטקט (בריטניה 1987)
BELLY OF AN ARCHITECT
בימוי: פיטר גרינאווי
Dr: Peter Greenaway
משחק: בריאן דנהי, קלואה ווב, למברט ווילסון
שני ארכיטקטים עומדים במרכז עלילת הסרט: הראשון בן המאה ה18-, אטיין לואי בולה, מי שהתפרסם בעיקר בזכות מבני קבורה מעגליים. האחר, דמות בדויה בת זמננו, הוא אדריכל משיקגו שמגיע לרומא כדי לארגן תערוכה על בולה. התערוכה הופכת לאובססיה: הוא שוקע כולו בעבר, שוכח את אשתו ההרה, ובמהלך תשעת חודשי שהותו ברומא מתערערת בריאותו. הוא סובל מכאבי בטן קשים ומאבד את אשתו, את בנו שעתיד להיוולד ובסופו של דבר גם את התערוכה. כמו ברוב סרטיו זורע גרינאווי בסרטו אינספור סמלים שמתאחדים לכדי אמירה פוסט-מודרנית על גורל האמן. הפתעה - לא מייקל ניימן אחראי על הפסקול (הנפלא כתמיד) בסרט זה, אלא המלחין הבלגי וים מרטנס. 
(118 דקות, אנגלית, תרגום לעברית)((118 min., Eng., Heb. sub

הקרנה חד פעמית.",45.00 ILS,https://www.cinema.co.il/wp-content/uploads/2023/12/%D7%9B%D7%A8%D7%A1-%D7%A9%D7%9C-%D7%90%D7%A8%D7%9B%D7%99%D7%98%D7%A7%D7%98.jpg,https://www.cinema.co.il/event/%d7%9b%d7%a8%d7%a1-%d7%a9%d7%9c-%d7%90%d7%a8%d7%9b%d7%99%d7%98%d7%a7%d7%98/,Cinematheque Tel Aviv,Cinematheque Tel Aviv,active,Other,2026-09-07,אולם 3,,20260907,0,07.09.2026 18:00,אולם 3,https://cintlv.presglobal.store/order/132414,"ארכיטקטורה בזמן: מבנים, ערים וחלומות בקולנוע",14080
133216,"ערב של קולנוע אבסורדי קצר + שיחה על ""האב","הסטודיו לקולנוע - מרכז אומנויות רב־תחומי ""כנפיים בזכות האמנות"" מציג:
ערב של קולנוע אבסורדי 
בעידן של חרדות, כאוס והצפה בלתי פוסקת של מידע, כשהכול מהיר, רועש ועמוס בגירויים, ההומור והאבסורד הופכים לדרך הטובה ביותר להתמודד עם הלחץ וחוסר הוודאות. 
כבר מראשית ימי הקולנוע, מסרטיו של ז'ורז' מלייס, דרך יצירותיהם של צ'ארלי צ'פלין ובאסטר קיטון בקומדיה האילמת, ועד ליצירות הסוריאליסטיות של לואיס בונואל וליוצרים בני זמננו כמו רוי אנדרסון וצ'רלי קאופמן, האבסורד שימש כלי לערעור ההיגיון, לחשיפת הסתירות שבחיי היומיום ולהתבוננות מחודשת באדם ובעולם.
בהשראת המסורת הזו יצרו אמני הסטודיו לקולנוע של ""כנפיים בזכות האמנות"" סדרה של סרטים קצרים החוקרים קצב, שתיקה, קומפוזיציה, מבוכה אנושית והומור יבש ואבסורדי. 
במהלך הערב יוצגו יצירות מקוריות שנוצרו במיוחד עבור האירוע.
בתכנית:
• שיחה על ""האבסורד הקיומי"" בהשתתפות פרופ' דן אריאלי, הקומיקאי ליאור אמסטרדמסקי, והשחקנית והיוצרת טס השילוני.
• הקרנת בכורה של עשרה סרטים קצ",45.00 ILS,https://www.cinema.co.il/wp-content/uploads/2026/08/%D7%A2%D7%A8%D7%91-%D7%A9%D7%9C-%D7%A7%D7%95%D7%9C%D7%A0%D7%95%D7%A2-%D7%90%D7%91%D7%A1%D7%95%D7%A8%D7%93.jpg,https://www.cinema.co.il/event/%d7%a2%d7%a8%d7%91-%d7%a9%d7%9c-%d7%a7%d7%95%d7%9c%d7%a0%d7%95%d7%a2-%d7%90%d7%91%d7%a1%d7%95%d7%a8%d7%93%d7%99-%d7%a7%d7%a6%d7%a8-%d7%a9%d7%99%d7%97%d7%94-%d7%a2%d7%9c-%d7%94%d7%90%d7%91/,Cinematheque Tel Aviv,Cinematheque Tel Aviv,active,Other,2026-09-07,אולם 4,,20260907,0,07.09.2026 19:00,אולם 4,https://cintlv.presglobal.store/order/133216,,21346
132917,לאן טרום בכורה גמר תחרות אופיר +מפגש,"לאן (ישראל/ גרמניה 2026)
בימוי: אסף מכנס
משחק: איהאב סלאמי, עידו טאקו, מילאן פשל, ראמא נסראללה, דב נבון
WHERE TO?
Dir: Assaf Machnes
״לאן״ היא דרמה קומית המתרחשת בברלין. חסן, נהג UBER פלסטיני בן 55, אוסף למונית את אמיר, צעיר ישראלי חדש בעיר, שמנסה להחזיק קשר רומנטי מבלבל. מה שמתחיל כנסיעה אקראית, הופך למפגשים חוזרים במונית של חסן בין שני אנשים שעזבו הכל, עברו לארץ זרה והלכו לאיבוד. דווקא שם, בנסיעות בלילות ברלין הקפואים, מוצאים השניים חיבור אמיתי, כזה שייתן לאמיר תחושה של בית ויעודד את חסן להישיר מבט לראשונה אל סיפור חייו. הסרט הוקרן לראשונה בפסטיבל ברלין שם הוכתר עי ידי המבקרים כפנינה נדירה וזכה לתגובות נלהבות של הקהל שהתרגש וצחק. הוא זכה בפרס הסרט הטוב, התסריט הטוב ביותר והשחקן הטוב ביותר בפסטיבל ירושלים.

95 דקות, אנגלית, ערבית, גרמנית, עברית | תרגום לעברית ואנגלית
בתום ההקרנה שיחה עם המפיק חיים מקלברג ועורך הסרט אור-לי טל.",45.00 ILS,https://www.cinema.co.il/wp-content/uploads/2026/08/%D7%9C%D7%90%D7%9F.jpg,https://www.cinema.co.il/event/%d7%9c%d7%90%d7%9f-%d7%98%d7%a8%d7%95%d7%9d-%d7%91%d7%9b%d7%95%d7%a8%d7%94-%d7%92%d7%9e%d7%a8-%d7%aa%d7%97%d7%a8%d7%95%d7%aa-%d7%90%d7%95%d7%a4%d7%99%d7%a8-%d7%9e%d7%a4%d7%92%d7%a9/,Cinematheque Tel Aviv,Cinematheque Tel Aviv,active,Other,2026-09-07,אולם 3,,20260907,0,07.09.2026 20:30,אולם 3,https://cintlv.presglobal.store/order/132917,חשיפת סרטי גמר תחרות אופיר 2026,21297
133563,מה שמריאל יודעת,"מה שמריאל יודעת (גרמניה 2025)
בימוי: פרדריק האמבלק
משחק: ג'וליה ג'נטש, פליקס קריימר, לאני גריזלר, מחמט אצקי, מוריץ טרונפלס
WHAT MARIELLE KNOWS
Dir: Frederic Hambalek
מריאל מפתחת בן לילה יכולת לראות ולשמוע כל מה שהוריה, יוליה וטוביאס, רואים, חושבים ועושים. ההורים מתקשים להתמודד עם היכולת הטלפתית של בתם ועם התעקשותה לחשוף את השקרים הקטנים והעמדות הפנים שעוזרות להם (ולכולנו) לצלוח את החיים. עד מהרה, הם מוצאים עצמם בסחרור מניפולטיבי, אבסורדי, עם תוצאות לא צפויות. ""מה שמריאל יודעת"" - דרמה מושחזת, מקורית ומעוררת מחשבה - מגיעה לחיפה מן הבכורה במסגרת התחרות בפסטיבל ברלין. הסרט מקלף את המעטפת המושלמת של זוג מבוסס ולוקח אותנו למסע אינטליגנטי וקומי אל לבה השברירי של הבורגנות האירופאית.
טריילר - https://www.youtube.com/watch?v=8cGtU2aY2zw&ab_channel=DCM
86 דקות, גרמנית, צרפתית. תרגום לעברית ואנגלית",45.00 ILS,https://www.cinema.co.il/wp-content/uploads/2026/04/%D7%9E%D7%94-%D7%A9%D7%9E%D7%A8%D7%99%D7%90%D7%9C-%D7%99%D7%95%D7%93%D7%A2%D7%AA.jpg,https://www.cinema.co.il/event/%d7%9e%d7%94-%d7%a9%d7%9e%d7%a8%d7%99%d7%90%d7%9c-%d7%99%d7%95%d7%93%d7%a2%d7%aa/,Cinematheque Tel Aviv,Cinematheque Tel Aviv,active,Other,2026-09-07,אולם 4,,20260907,0,07.09.2026 21:00,אולם 4,https://cintlv.presglobal.store/order/133563,,21283
133556,מה שמריאל יודעת,"מה שמריאל יודעת (גרמניה 2025)
בימוי: פרדריק האמבלק
משחק: ג'וליה ג'נטש, פליקס קריימר, לאני גריזלר, מחמט אצקי, מוריץ טרונפלס
WHAT MARIELLE KNOWS
Dir: Frederic Hambalek
מריאל מפתחת בן לילה יכולת לראות ולשמוע כל מה שהוריה, יוליה וטוביאס, רואים, חושבים ועושים. ההורים מתקשים להתמודד עם היכולת הטלפתית של בתם ועם התעקשותה לחשוף את השקרים הקטנים והעמדות הפנים שעוזרות להם (ולכולנו) לצלוח את החיים. עד מהרה, הם מוצאים עצמם בסחרור מניפולטיבי, אבסורדי, עם תוצאות לא צפויות. ""מה שמריאל יודעת"" - דרמה מושחזת, מקורית ומעוררת מחשבה - מגיעה לחיפה מן הבכורה במסגרת התחרות בפסטיבל ברלין. הסרט מקלף את המעטפת המושלמת של זוג מבוסס ולוקח אותנו למסע אינטליגנטי וקומי אל לבה השברירי של הבורגנות האירופאית.
טריילר - https://www.youtube.com/watch?v=8cGtU2aY2zw&ab_channel=DCM
86 דקות, גרמנית, צרפתית. תרגום לעברית ואנגלית",45.00 ILS,https://www.cinema.co.il/wp-content/uploads/2026/04/%D7%9E%D7%94-%D7%A9%D7%9E%D7%A8%D7%99%D7%90%D7%9C-%D7%99%D7%95%D7%93%D7%A2%D7%AA.jpg,https://www.cinema.co.il/event/%d7%9e%d7%94-%d7%a9%d7%9e%d7%a8%d7%99%d7%90%d7%9c-%d7%99%d7%95%d7%93%d7%a2%d7%aa/,Cinematheque Tel Aviv,Cinematheque Tel Aviv,active,Other,2026-09-08,אולם 3,,20260908,1,08.09.2026 10:00,אולם 3,https://cintlv.presglobal.store/order/133556,,21283
133558,המשפחה האיטלקית שלי,"המשפחה האיטלקית שלי (איטליה 2025)
בימוי: ג'יאני די גריגוריו
משחק: ג'יאני די גריגוריו, גרטה סקראנו, אלסנדרו בדטי
COME TI MUOVI SBAGLI
Dir: Gianni Di Gregorio
פרופסור בדימוס מנהל חיים שלוים ונעימים – פנסיה נאה, חברים קבועים, ארוחות ויין טוב; אלא שהשקט מתפוגג בן-לילה כשבתו נוחתת בביתו עם שני ילדיה הסוערים ונישואים על סף פירוק. על רקע רחובות רומא הציוריים, הכיכרות ובתי הקפה הקטנים, נפרש בלגן משפחתי מצחיק - סיפור על דור ההורים שנאלץ ללמוד מחדש מהי משפחה, אחריות וסבלנות – ובעיקר איך לשרוד את הדור הבא.
ג’אני די גרגוריו, במאי הלהיטים ""ארוחות אמצע אוגוסט"", ""טעם החיים"" ו""צ'או איטליה"", חוזר עם קומדיה איטלקית חכמה וחמה על אהבה, הורות מאוחרת, וקסם החיים כשהכול משתבש בדיוק בזמן הנכון.
97 דקות, איטלקית, תרגום לעברית ואנגלית",45.00 ILS,https://www.cinema.co.il/wp-content/uploads/2025/11/%D7%94%D7%9E%D7%A9%D7%A4%D7%97%D7%94-%D7%94%D7%90%D7%99%D7%98%D7%9C%D7%A7%D7%99%D7%AA-%D7%A9%D7%9C%D7%99.jpg,https://www.cinema.co.il/event/%d7%94%d7%9e%d7%a9%d7%a4%d7%97%d7%94-%d7%94%d7%90%d7%99%d7%98%d7%9c%d7%a7%d7%99%d7%aa-%d7%a9%d7%9c%d7%99/,Cinematheque Tel Aviv,Cinematheque Tel Aviv,active,Other,2026-09-08,אולם 4,,20260908,1,08.09.2026 10:00,אולם 4,https://cintlv.presglobal.store/order/133558,,20134
133155,שלום - נבחרי דוקאביב,"שלום (ישראל 2026)
 בימוי: מיטל צביאלי
 SHALOM
 Dir: Meital Zvieli
 גן החיות התנ""כי בירושלים, המושך מאות אלפי ישראלים ופלסטינים, דתיים וחילונים, מבקש לעורר בהם חמלה דרך חיות כלואות המשמשות ""שגרירות"" של הטבע. עובדי הגן מבינים שהוא פשרה מוסרית ומתמודדים עם אדישות המבקרים. הסיפור נפרש דרך שלום הקרנף ומטפליו: רושדי עליאן (מוסלמי פלסטיני-ישראלי) וגלעד משה (יהודי-ישראלי). הוויכוח על המתת החסד של שלום חושף פערים ביניהם והמלחמה שפורצת בעזה לאחר 7 באוקטובר מחדדת את שאלות היסוד: מהו שבי? מהו חופש? ומדוע הברירה היחידה היא חיים משותפים בשלום.

זוכה בפרס חבר השופטים ובפרס הצילום – דוקאביב 2026.
 80 דקות, עברית וערבית, תרגום לעברית
בתום ההקרנות ב11/8 +15/8 שיחה עם הבמאית",45.00 ILS,https://www.cinema.co.il/wp-content/uploads/2026/05/%D7%A9%D7%9C%D7%95%D7%9D.jpg,https://www.cinema.co.il/event/%d7%a9%d7%9c%d7%95%d7%9d-%d7%a0%d7%91%d7%97%d7%a8%d7%99-%d7%93%d7%95%d7%a7%d7%90%d7%91%d7%99%d7%91/,Cinematheque Tel Aviv,Cinematheque Tel Aviv,active,Other,2026-09-08,אולם 4,,20260908,1,08.09.2026 12:00,אולם 4,https://cintlv.presglobal.store/order/133155,במראה הישראלית ; נבחרי דוקאביב 2026,20502
133557,סיפורים קרועים,"סיפורים קרועים (ספרד/ארגנטינה 2025)
בימוי: מריאנו כהן, גסטון דופראט
משחק: גילרמו פרנצ'לה, אורורה קוואטרוקי, אווה דה דומיניצ'י, גילרמו ארנגו, ז'ורז' באריל
HOMO ARGENTUM
Dir: Mariano Cohn, Gaston Duprat
קומדיה שחורה פרועה, מושחזת ומצחיקה עד דמעות, שהפכה ללהיט קופתי גדול. בהשראת הקומדיות האיטלקיות הקלאסיות של שנות ה-60 וה-70, הסרט משלב הומור שנון עם מבט חד על טבע האדם. באמצעות פסיפס של סיפורים קצרים, אירוניים ולעיתים אבסורדיים, הוא בוחן את השיגעונות, ההרגלים והמוזרויות שמעצבים את חיי היום-יום שלנו – ממערכות יחסים, אהבה ומשפחה ועד לעולם העבודה המנוכר. התוצאה היא דיוקן משעשע ונוקב של החברה העכשווית, כזה שמעורר צחוק גדול, אך גם מחשבות על מי שאנחנו ועל הדרך בה אנו חיים. השחקן המוערך גיירמו פרנצ'לה מוביל את הסרט בתצוגת משחק וירטואוזית ונוגעת ללב, כשהוא מגלם שורה של דמויות שונות, קיצוניות ומשעשעות.
98 דקות, ספרדית, תרגום לעברית ואנגלית
טרום בכורה באדיבות קולנוע חדש בע""מ

טרום בכורה באדיבות קולנוע",45.00 ILS,https://www.cinema.co.il/wp-content/uploads/2026/08/%D7%A1%D7%99%D7%A4%D7%95%D7%A8%D7%99%D7%9D-%D7%A7%D7%A8%D7%95%D7%A2%D7%99%D7%9D-1.jpg,https://www.cinema.co.il/event/%d7%a1%d7%99%d7%a4%d7%95%d7%a8%d7%99%d7%9d-%d7%a7%d7%a8%d7%95%d7%a2%d7%99%d7%9d/,Cinematheque Tel Aviv,Cinematheque Tel Aviv,active,Other,2026-09-08,אולם 3,,20260908,1,08.09.2026 12:00,אולם 3,https://cintlv.presglobal.store/order/133557,,20976
133202,תחתונים וגופיות,"תחתונים וגופיות
ישראל / 2025 / אורך: 75
חופשי למנויים

בימוי: סמדר זמיר
שפה: עברית
תחתונים וגופיות | No Cakes from the Homefront

עדויות נשכחות וחומרי ארכיון נדירים מספרים לראשונה את סיפוריהן של נשים מעורף מלחמת יום הכיפורים וחושפים נקודת מבט חדשה על המלחמה.",45.00 ILS,https://www.cinema.co.il/wp-content/uploads/2025/12/%D7%AA%D7%97%D7%AA%D7%95%D7%A0%D7%99%D7%9D.jpg,https://www.cinema.co.il/event/%d7%aa%d7%97%d7%aa%d7%95%d7%a0%d7%99%d7%9d-%d7%95%d7%92%d7%95%d7%a4%d7%99%d7%95%d7%aa/,Cinematheque Tel Aviv,Cinematheque Tel Aviv,active,Other,2026-09-08,אולם 4,,20260908,1,08.09.2026 13:45,אולם 4,https://cintlv.presglobal.store/order/133202,במראה הישראלית,19387
132654,כמעיין המתגבר,"כמעיין המתבגר (ארה""ב 1949)
THE FOUNTAINHEAD
בימוי: קינג וידור
Dir: King Vidor
משחק: גרי קופר, פטרישיה ניל, ריימונד מאסיי
עיבודו של קינג וידור לרומן הפילוסופי הנאו-ניטשאני של איין ראנד על דרכו האינדיבידואליסטית של אדריכל בעל רעיונות מהפכניים והתנגשויותיו החוזרות ונשנות עם סביבתו. וכמובן, ישנו גם סיפור אהבה גדול מהחיים. צילום שחור לבן יפהפה של רוברט ברקס. 
(114 דקות, אנגלית, תרגום לעברית)((114 min., Eng., Heb. sub",45.00 ILS,https://www.cinema.co.il/wp-content/uploads/2026/08/%D7%9B%D7%9E%D7%A2%D7%99%D7%99%D7%9F-%D7%94%D7%9E%D7%AA%D7%92%D7%91%D7%A8.jpg,https://www.cinema.co.il/event/%d7%9b%d7%9e%d7%a2%d7%99%d7%99%d7%9f-%d7%94%d7%9e%d7%aa%d7%92%d7%91%d7%a8/,Cinematheque Tel Aviv,Cinematheque Tel Aviv,active,Other,2026-09-08,אולם 3,,20260908,1,08.09.2026 14:00,אולם 3,https://cintlv.presglobal.store/order/132654,"ארכיטקטורה בזמן: מבנים, ערים וחלומות בקולנוע",21249
133548,ערך סנטימנטלי,"ערך סנטימנטלי (נורבגיה/ גרמניה/ דנמרק/ צרפת/ שוודיה 2025 )
בימוי: יואכים טרייר
משחק: רנטה ריינסב, סטלן סקארסגארד, אל פאנינג
SENTIMENTAL VALUE
Dir: Joachim Trier 
הבמאי עטור הפרסים יואכים טרייר מתאחד עם רנטה ריינסב (""האדם הגרוע בעולם"") לדרמה מרגשת שהדהימה את פסטיבל קאן וגרפה את הפרס הגדול. לאחר מות אִמה של נורה חוזר לחייה אביה גוסטב (סטלן סקארסגארד), במאי קולנוע מפורסם, ובאמתחתו הצעה: הוא מעוניין שהיא תגלם את התפקיד הראשי ביצירה אוטוביוגרפית חדשה שעליה הוא עובד. נורה מסרבת, והתפקיד נמסר לשחקנית אמריקאית מבטיחה (אל פאנינג), שמשנה את מסלול הסרט. בין היעדרותה של האם האהובה, שובו של האב והעבודה על הסרט, נורה ואחותה אגנס מנסות לגשש את דרכן במבוך של רגשות סותרים ושאיפה לפתוח פרק חדש בחייהן.
132 דקות, נורבגית ואנגלית, תרגום לעברית ואנגלית",45.00 ILS,https://www.cinema.co.il/wp-content/uploads/2026/01/%D7%A2%D7%A8%D7%9A-%D7%A1%D7%A0%D7%98%D7%99%D7%9E%D7%A0%D7%98%D7%9C%D7%99.jpg,https://www.cinema.co.il/event/%d7%a2%d7%a8%d7%9a-%d7%a1%d7%a0%d7%98%d7%99%d7%9e%d7%a0%d7%98%d7%9c%d7%99/,Cinematheque Tel Aviv,Cinematheque Tel Aviv,active,Other,2026-09-08,אולם 4,,20260908,1,08.09.2026 16:15,אולם 4,https://cintlv.presglobal.store/order/133548,,19840
132961,אמלי - 25 שנה ליציאת הסרט,"אמלי (צרפת 2001)
LE FABULEUX DESTIN D'AMELIE POULAIN
בימוי: ז'אן-פייר ז'ונה
Dir: Jean-Pierre Jeunet
משחק: אודרי טוטו, מתייה קאסוביץ', רופוס
אמלי היא צעירה פריסאית, יתומה מאם, מטופלת באב דכאוני, שעובדת כמלצרית בביסטרו ועדיין לא מצאה את אהבת חייה. מעשה טוב והחלטה אמיצה משנים את הלכותיה ומביאות אותה לפתחו של אושר גדול. זהו, לכאורה, תקציר העלילה של ""אמלי"" אבל למעשה מסתתר כאן אחד הסרטים היותר ממזריים של השנים האחרונות. תנופת הבימוי של ז'ונה, המתיקות הממכרת של אודרי טוטו, הצבעונית המשכרת של פריז - כל אלו הופכים את הסרט לאחד מן הסרטים המעוררים והנעימים שנצפו בשנים האחרונות - מעין גרסה קולנועית לצמר גפן מתוק: ורוד, מתוק ומלא אויר חם. הפינוק הקטן שנקרא ""אמלי"", התחושה הנעימה שהוא משרה בגוף הופכים את הצפייה לחוויה שווה ביותר. ועל כך תעיד הצלחתו האדירה ברחבי העולם. (122 דקות. צרפתית, תרגום לעברית). (122 min., Fre., Heb. Sub)",45.00 ILS,https://www.cinema.co.il/wp-content/uploads/2023/12/%D7%90%D7%9E%D7%9C%D7%99.jpg,https://www.cinema.co.il/event/%d7%90%d7%9e%d7%9c%d7%99-25-%d7%a9%d7%a0%d7%94-%d7%9c%d7%99%d7%a6%d7%99%d7%90%d7%aa-%d7%94%d7%a1%d7%a8%d7%98/,Cinematheque Tel Aviv,Cinematheque Tel Aviv,active,Other,2026-09-08,אולם 3,,20260908,1,08.09.2026 18:00,אולם 3,https://cintlv.presglobal.store/order/132961,מועדון הלבבות השלמים,21300
132424,אני אוהב אותך רוזה,"אני אוהב אותך רוזה (ישראל 1972) בימוי: משה מזרחי משחק: מיכל בת אדם, גבי אוטרמן, יוסף שילוח I LOVE YOU ROSA Dir: Moshe Mizrahi עלילת סרטו השלישי של משה מזרחי מבוססת על קורותיה של סבתו – סיפור אהבה אוריינטלי המתרחש על רקע של ירושלים העותומאנית של ראשית המאה ה-20. רוזה בת ה-21 מתאלמנת מבעלה ומתאהבת בגיסה הנער. עיקר העוצמה של הסרט נשענת על גישה המשלבת ריאליזם עם אגדה פיוטית. (87 דקות, עברית)(87 min., Heb) עותק דיגיטלי חדש",45.00 ILS,https://www.cinema.co.il/wp-content/uploads/2019/06/%D7%AA%D7%9E%D7%95%D7%A0%D7%95%D7%AA-%D7%9C%D7%90%D7%AA%D7%A8-%D7%94%D7%97%D7%93%D7%A9-71.jpg,https://www.cinema.co.il/event/%d7%90%d7%a0%d7%99-%d7%90%d7%95%d7%94%d7%91-%d7%90%d7%95%d7%aa%d7%9a-%d7%a8%d7%95%d7%96%d7%94/,Cinematheque Tel Aviv,Cinematheque Tel Aviv,active,Other,2026-09-08,אולם 4,,20260908,1,08.09.2026 19:00,אולם 4,https://cintlv.presglobal.store/order/132424,מחווה למשה מזרחי,4618
132912,האהבות שלנו טרום בכורה גמר תחרות אופיר +,"האהבות שלנו (ישראל 2026)
 בימוי: אבי נשר
 משחק: שלום מיכאלזווילי, יניב ביטון, מגי אזרזר, לנה פרייפלד, אוולין הגואל, הדס ירון, נועה כהן, דניאל גימפל
 OUR LOVES
 Dir: Avi Nesher
 ה""האהבות שלנו"" - שכמו במרבית סרטיו הקודמים של אבי נשר, מבוסס על אירועים אמיתיים, עוקב אחר סיפורן של שבע דמויות שמבלי דעת, חייהן נשזרים זה בזה. כל אחת מהדמויות לכודה במערכת יחסים כושלת, כשמערכות היחסים הן כאובות וגם קומיות, וכל אחת ממערכות היחסים רבת תפניות. לשבע הדמויות יש מכנה משותף אחד: האמונה המוחלטת שה-6 באוקטובר - היום בו מתה האהבה - הוא היום הנורא בחייהם. למחרת, במקביל למאמצי הישרדות נואשים, הם יצטרכו איך שהוא לפענח את משמעות חייהם ואיזה שינויים ידרשו.
 117 דקות, עברית, ערבית, מרוקאית, תרגום לעברית
 טרום בכורה באדיבות יונייטד קינג
בתום ההקרנה שיחה עם עורך הסרט איציק צחייק",45.00 ILS,https://www.cinema.co.il/wp-content/uploads/2026/08/%D7%94%D7%90%D7%94%D7%91%D7%95%D7%AA-%D7%A9%D7%9C%D7%A0%D7%95.jpg,https://www.cinema.co.il/event/%d7%94%d7%90%d7%94%d7%91%d7%95%d7%aa-%d7%a9%d7%9c%d7%a0%d7%95-%d7%98%d7%a8%d7%95%d7%9d-%d7%91%d7%9b%d7%95%d7%a8%d7%94-%d7%92%d7%9e%d7%a8-%d7%aa%d7%97%d7%a8%d7%95%d7%aa-%d7%90%d7%95%d7%a4%d7%99%d7%a8/,Cinematheque Tel Aviv,Cinematheque Tel Aviv,active,Other,2026-09-08,אולם 3,,20260908,1,08.09.2026 20:30,אולם 3,https://cintlv.presglobal.store/order/132912,,21296
132773,בכורה של ביכורים: וגופתה לא נמצאה מעולם,וגופתה לא נמצאה מעולם | And Her Body was Never Found מור ופולאריס הם זוג במשבר. הם מחליטים לצאת לטבע כדי למצוא את הדרך חזרה האחד לשנייה אבל עד מהרה מה שהיה טיול זוגי ומרגיע הופך לאירוע מתגלגל. סרט ביכורים מרענן שהציג בפסטיבל SXSW ופסטיבל ירושלים. כהן ובנקס חוקרים את הטכניקות הקולנועיות בהן ניתן לשתף […],45.00 ILS,https://www.cinema.co.il/wp-content/uploads/2026/08/%D7%95%D7%92%D7%95%D7%A4%D7%AA%D7%94-%D7%9C%D7%90-%D7%A0%D7%9E%D7%A6%D7%90%D7%94-%D7%9E%D7%A2%D7%95%D7%9C%D7%9D.jpg,https://www.cinema.co.il/event/%d7%91%d7%9b%d7%95%d7%a8%d7%94-%d7%a9%d7%9c-%d7%91%d7%99%d7%9b%d7%95%d7%a8%d7%99%d7%9d-%d7%95%d7%92%d7%95%d7%a4%d7%aa%d7%94-%d7%9c%d7%90-%d7%a0%d7%9e%d7%a6%d7%90%d7%94-%d7%9e%d7%a2%d7%95%d7%9c%d7%9d/,Cinematheque Tel Aviv,Cinematheque Tel Aviv,active,Other,2026-09-08,אולם 4,,20260908,1,08.09.2026 21:00,אולם 4,https://cintlv.presglobal.store/order/132773,,20606
133137,גאבה,"גאבה (אירן/צרפת 1996) בימוי: מוחסן מחמאלבף משחק: עבאס סאייהי, שאגאייג דז'ודט, חוסיין מוחרמי GABBEH Dir: Mohsen Makhbalbaf גאבה הוא סוג של שטיח צבעוני שיוצרים בני השבטים הנודדים בדרום מערב אירן בהשראת חייהם. אשה מכבסת את אחד השטיחים ומגלה שמתוכו צצה דמות של בחורה יפהפייה, גאבה שמה. על אותה גאבה אומללה נאסר להתראות עם אהובה עד שישוב דודה מהעיר הגדולה. כאשר הוא סוף סוף מגיע עליה להמתין עד שימצא לעצמו כלה, וכך נותר האהוב מעין צללית הרוכבת תמיד בסמוך לקו האופק... (75 דקות, פרסית, תרגום לעברית) (.(75 min., Farsi, Heb. sub",45.00 ILS,https://www.cinema.co.il/wp-content/uploads/2020/06/gabbeh.jpg,https://www.cinema.co.il/event/%d7%92%d7%90%d7%91%d7%94/,Cinematheque Tel Aviv,Cinematheque Tel Aviv,active,Other,2026-09-09,אולם 4,,20260909,2,09.09.2026 11:30,אולם 4,https://cintlv.presglobal.store/order/133137,מערכות יחסים,6261
133566,מה שמריאל יודעת,"מה שמריאל יודעת (גרמניה 2025)
בימוי: פרדריק האמבלק
משחק: ג'וליה ג'נטש, פליקס קריימר, לאני גריזלר, מחמט אצקי, מוריץ טרונפלס
WHAT MARIELLE KNOWS
Dir: Frederic Hambalek
מריאל מפתחת בן לילה יכולת לראות ולשמוע כל מה שהוריה, יוליה וטוביאס, רואים, חושבים ועושים. ההורים מתקשים להתמודד עם היכולת הטלפתית של בתם ועם התעקשותה לחשוף את השקרים הקטנים והעמדות הפנים שעוזרות להם (ולכולנו) לצלוח את החיים. עד מהרה, הם מוצאים עצמם בסחרור מניפולטיבי, אבסורדי, עם תוצאות לא צפויות. ""מה שמריאל יודעת"" - דרמה מושחזת, מקורית ומעוררת מחשבה - מגיעה לחיפה מן הבכורה במסגרת התחרות בפסטיבל ברלין. הסרט מקלף את המעטפת המושלמת של זוג מבוסס ולוקח אותנו למסע אינטליגנטי וקומי אל לבה השברירי של הבורגנות האירופאית.
טריילר - https://www.youtube.com/watch?v=8cGtU2aY2zw&ab_channel=DCM
86 דקות, גרמנית, צרפתית. תרגום לעברית ואנגלית",45.00 ILS,https://www.cinema.co.il/wp-content/uploads/2026/04/%D7%9E%D7%94-%D7%A9%D7%9E%D7%A8%D7%99%D7%90%D7%9C-%D7%99%D7%95%D7%93%D7%A2%D7%AA.jpg,https://www.cinema.co.il/event/%d7%9e%d7%94-%d7%a9%d7%9e%d7%a8%d7%99%d7%90%d7%9c-%d7%99%d7%95%d7%93%d7%a2%d7%aa/,Cinematheque Tel Aviv,Cinematheque Tel Aviv,active,Other,2026-09-09,אולם 4,,20260909,2,09.09.2026 16:30,אולם 4,https://cintlv.presglobal.store/order/133566,,21283
126048,"פריז סיפור אהבה - גימלאי ת""א","תחום הגמלאים והאזרחים הוותיקים מזמין אתכם למופע מוזיקלי מרגש בעקבות גדולי השאנסונרים האהובים פריז סיפור אהבה חוויה סוחפת ומהנה, בצרפתית ובעברית זמרים: משה סימן טוב | יוליה גוליגר פסנתר וניהול מוזיקלי: אורי קריב אקורדיון: יוסי גרושקה | תופים: ניסן רחמני | גיטרה בס: אילן אביב הפקה: יניב רעות",70.00 ILS,https://www.cinema.co.il/wp-content/uploads/2026/01/%D7%A4%D7%A8%D7%99%D7%96-%D7%A1%D7%99%D7%A4%D7%95%D7%A8-%D7%90%D7%94%D7%91%D7%94-23.3.26-%D7%91-17.00-%D7%A1%D7%99%D7%A0%D7%9E%D7%98%D7%A7-%D7%9C%D7%90%D7%AA%D7%A8-%D7%94%D7%A1%D7%99%D7%A0%D7%9E%D7%98%D7%A7.jpg,https://www.cinema.co.il/event/%d7%a4%d7%a8%d7%99%d7%96-%d7%a1%d7%99%d7%a4%d7%95%d7%a8-%d7%90%d7%94%d7%91%d7%94-%d7%92%d7%99%d7%9e%d7%9c%d7%90%d7%99-%d7%aa%d7%90/,Cinematheque Tel Aviv,Cinematheque Tel Aviv,active,Other,2026-09-09,אולם 3,,20260909,2,09.09.2026 17:00,אולם 3,https://cintlv.presglobal.store/order/126048,"גימלאים עת""א ועדת אולמות",11019
132425,הבית ברחוב שלוש,"הבית ברחוב שלוש (ישראל 1973) בימוי: משה מזרחי THE HOUSE IN CHLOUCHE STREET Dir: Moshe Mizrahi משחק: גילה אלמגור, יוסף שילוח, מיכל בת אדם, עופר שלחין הימים ימי שלהי המנדט הבריטי על א""י. סמי בן ה-14 וקלרה אמו מגיעים ממצרים לשכונת שבזי בת""א. כאן נקרע סמי בין אהבתה החונקת של אמו ובין שאיפתו להישאר עצמאי... במקביל הוא חווה את הקשר המיני הראשון עם סוניה, גרושה בת 25. סרטו הרביעי של משה מזרחי מבוסס כמו קודמיו על מרכיבים אוטוביוגרפיים. שחזור מדוקדק ואמין של תל אביב המנדטורית, צילום מעולה של אדם גרינברג ומשחק מעולה של כל השחקנים הפכו את ""הבית ברחוב שלוש"" לאחד הסרטים הישראלים הטובים של כל הזמנים. (110 דקות, עברית, תרגום לאנגלית וצרפתית) ((110 min., Heb., Eng & Fre. sub עותק דיגיטלי חדש",45.00 ILS,https://www.cinema.co.il/wp-content/uploads/2025/10/%D7%94%D7%91%D7%99%D7%AA-%D7%91%D7%A8%D7%97%D7%95%D7%91-%D7%A9%D7%9C%D7%95%D7%A9.jpg,https://www.cinema.co.il/event/%d7%94%d7%91%d7%99%d7%aa-%d7%91%d7%a8%d7%97%d7%95%d7%91-%d7%a9%d7%9c%d7%95%d7%a9/,Cinematheque Tel Aviv,Cinematheque Tel Aviv,active,Other,2026-09-09,אולם 4,,20260909,2,09.09.2026 18:30,אולם 4,https://cintlv.presglobal.store/order/132425,מחווה למשה מזרחי,18974
133165,1001 שקרים על פיקאסו,"1001 שקרים על פיקאסו (שבדיה 1978)
PICASSOS AVENTYR
במאי: טאגה דניאלסון
Dir: Tage Danielson
משחק: גסטה אקמן, האנס אלפרדסון, בריגיטה אנדרסון
קומדיה שבדית מבריקה זו הפכה לסרט פולחן מפתיע במהלך שנות השמונים בארץ, עת הוקרנה בהצגות חצות בקולנוע ""פריז"". פיקאסו נחשב לסיפור ההצלחה האמנותי הגדול ביותר של המאה ה- 20. הסרט מתייחס אל פיקאסו כאל בדיחה ושם ללעג את אחוות הפועלים של הצייר המיליונר ואת הפחד של אמריקה מאמנותו ה""קומוניסטית"". לדעת יוצרי הסרט, כל הרומנים והסרטים המתארים חיי אמנים גדולים הם 70% שקר והביוגרפיה שלהם לפיקאסו היא 95% שקר. כמו שאמר פיקאסו: ""האמנות היא שקר
החושף את המציאות"". (115 דקות, שבדית, תרגום לעברית)
(.(115 min., Swe., Heb. sub
עיתק 35 מ""מ",45.00 ILS,https://www.cinema.co.il/wp-content/uploads/2026/08/1001%D7%95-%D7%97%D7%93%D7%A9-%D7%A9%D7%A7%D7%A8%D7%99%D7%9D-%D7%A2%D7%9C-%D7%A4%D7%99%D7%A7%D7%90%D7%A1%D7%95.jpg,https://www.cinema.co.il/event/1001-%d7%a9%d7%a7%d7%a8%d7%99%d7%9d-%d7%a2%d7%9c-%d7%a4%d7%99%d7%a7%d7%90%d7%a1%d7%95/,Cinematheque Tel Aviv,Cinematheque Tel Aviv,active,Other,2026-09-09,אולם 3,,20260909,2,09.09.2026 19:00,אולם 3,https://cintlv.presglobal.store/order/133165,קומדיה רביעי בערב,21332
132963,עליסה בארץ הפלאות + הרצאה | אייקון | על,"הקדמה על אופל בסרטי ילדים
זיו הרמלין שד""ר, פודקאסטר (דיסני-פורמציה), תסריטאי (""הבלתי חשובים""), במאי (""תם הטקס"") ומרצה על קולנוע, טלוויזיה ותרבות פופ

עליסה בארץ הפלאות | Alice in Wonderland
העיבוד הנפלא של אולפני וולט דיסני לספרי הילדים של לואיס קרול. אליס, ילדה חולמנית וסקרנית, נדהמת לראות ארנב המציץ כל הזמן בשעונו, ומחליטה לעקוב אחריו. במהלך המרדף היא נופלת אל מחילת ארנבת ומוצאת את עצמה בארץ הפלאות, שם תפגוש חברים שונים ומשונים כמו הכובען המטורף והחתול צ'יישיר, ותנסה להימלט מזעמה של מלכת הלבבות וחיילי הקלפים שלה בדרכה הביתה.

ארה""ב / 1951 / אורך: 71",45.00 ILS,https://www.cinema.co.il/wp-content/uploads/2025/03/%D7%A2%D7%9C%D7%99%D7%A1%D7%94-%D7%91%D7%90%D7%A8%D7%A5-%D7%94%D7%A4%D7%9C%D7%90%D7%95%D7%AA-%D7%97%D7%93%D7%A9.jpg,https://www.cinema.co.il/event/%d7%a2%d7%9c%d7%99%d7%a1%d7%94-%d7%91%d7%90%d7%a8%d7%a5-%d7%94%d7%a4%d7%9c%d7%90%d7%95%d7%aa-%d7%94%d7%a8%d7%a6%d7%90%d7%94-%d7%90%d7%99%d7%99%d7%a7%d7%95%d7%9f-%d7%a2%d7%9c/,Cinematheque Tel Aviv,Cinematheque Tel Aviv,active,Other,2026-09-09,אולם 6,,20260909,2,09.09.2026 20:00,אולם 6,https://cintlv.presglobal.store/order/132963,צעירים סינמטק,21314
133567,סיפורים קרועים,"סיפורים קרועים (ספרד/ארגנטינה 2025)
בימוי: מריאנו כהן, גסטון דופראט
משחק: גילרמו פרנצ'לה, אורורה קוואטרוקי, אווה דה דומיניצ'י, גילרמו ארנגו, ז'ורז' באריל
HOMO ARGENTUM
Dir: Mariano Cohn, Gaston Duprat
קומדיה שחורה פרועה, מושחזת ומצחיקה עד דמעות, שהפכה ללהיט קופתי גדול. בהשראת הקומדיות האיטלקיות הקלאסיות של שנות ה-60 וה-70, הסרט משלב הומור שנון עם מבט חד על טבע האדם. באמצעות פסיפס של סיפורים קצרים, אירוניים ולעיתים אבסורדיים, הוא בוחן את השיגעונות, ההרגלים והמוזרויות שמעצבים את חיי היום-יום שלנו – ממערכות יחסים, אהבה ומשפחה ועד לעולם העבודה המנוכר. התוצאה היא דיוקן משעשע ונוקב של החברה העכשווית, כזה שמעורר צחוק גדול, אך גם מחשבות על מי שאנחנו ועל הדרך בה אנו חיים. השחקן המוערך גיירמו פרנצ'לה מוביל את הסרט בתצוגת משחק וירטואוזית ונוגעת ללב, כשהוא מגלם שורה של דמויות שונות, קיצוניות ומשעשעות.
98 דקות, ספרדית, תרגום לעברית ואנגלית
טרום בכורה באדיבות קולנוע חדש בע""מ

טרום בכורה באדיבות קולנוע",45.00 ILS,https://www.cinema.co.il/wp-content/uploads/2026/08/%D7%A1%D7%99%D7%A4%D7%95%D7%A8%D7%99%D7%9D-%D7%A7%D7%A8%D7%95%D7%A2%D7%99%D7%9D-1.jpg,https://www.cinema.co.il/event/%d7%a1%d7%99%d7%a4%d7%95%d7%a8%d7%99%d7%9d-%d7%a7%d7%a8%d7%95%d7%a2%d7%99%d7%9d/,Cinematheque Tel Aviv,Cinematheque Tel Aviv,active,Other,2026-09-09,אולם 3,,20260909,2,09.09.2026 21:30,אולם 3,https://cintlv.presglobal.store/order/133567,,20976
133569,מה שמריאל יודעת,"מה שמריאל יודעת (גרמניה 2025)
בימוי: פרדריק האמבלק
משחק: ג'וליה ג'נטש, פליקס קריימר, לאני גריזלר, מחמט אצקי, מוריץ טרונפלס
WHAT MARIELLE KNOWS
Dir: Frederic Hambalek
מריאל מפתחת בן לילה יכולת לראות ולשמוע כל מה שהוריה, יוליה וטוביאס, רואים, חושבים ועושים. ההורים מתקשים להתמודד עם היכולת הטלפתית של בתם ועם התעקשותה לחשוף את השקרים הקטנים והעמדות הפנים שעוזרות להם (ולכולנו) לצלוח את החיים. עד מהרה, הם מוצאים עצמם בסחרור מניפולטיבי, אבסורדי, עם תוצאות לא צפויות. ""מה שמריאל יודעת"" - דרמה מושחזת, מקורית ומעוררת מחשבה - מגיעה לחיפה מן הבכורה במסגרת התחרות בפסטיבל ברלין. הסרט מקלף את המעטפת המושלמת של זוג מבוסס ולוקח אותנו למסע אינטליגנטי וקומי אל לבה השברירי של הבורגנות האירופאית.
טריילר - https://www.youtube.com/watch?v=8cGtU2aY2zw&ab_channel=DCM
86 דקות, גרמנית, צרפתית. תרגום לעברית ואנגלית",45.00 ILS,https://www.cinema.co.il/wp-content/uploads/2026/04/%D7%9E%D7%94-%D7%A9%D7%9E%D7%A8%D7%99%D7%90%D7%9C-%D7%99%D7%95%D7%93%D7%A2%D7%AA.jpg,https://www.cinema.co.il/event/%d7%9e%d7%94-%d7%a9%d7%9e%d7%a8%d7%99%d7%90%d7%9c-%d7%99%d7%95%d7%93%d7%a2%d7%aa/,Cinematheque Tel Aviv,Cinematheque Tel Aviv,active,Other,2026-09-10,אולם 3,,20260910,3,10.09.2026 12:30,אולם 3,https://cintlv.presglobal.store/order/133569,,21283
133669,המשפחה האיטלקית שלי,"המשפחה האיטלקית שלי (איטליה 2025)
בימוי: ג'יאני די גריגוריו
משחק: ג'יאני די גריגוריו, גרטה סקראנו, אלסנדרו בדטי
COME TI MUOVI SBAGLI
Dir: Gianni Di Gregorio
פרופסור בדימוס מנהל חיים שלוים ונעימים – פנסיה נאה, חברים קבועים, ארוחות ויין טוב; אלא שהשקט מתפוגג בן-לילה כשבתו נוחתת בביתו עם שני ילדיה הסוערים ונישואים על סף פירוק. על רקע רחובות רומא הציוריים, הכיכרות ובתי הקפה הקטנים, נפרש בלגן משפחתי מצחיק - סיפור על דור ההורים שנאלץ ללמוד מחדש מהי משפחה, אחריות וסבלנות – ובעיקר איך לשרוד את הדור הבא.
ג’אני די גרגוריו, במאי הלהיטים ""ארוחות אמצע אוגוסט"", ""טעם החיים"" ו""צ'או איטליה"", חוזר עם קומדיה איטלקית חכמה וחמה על אהבה, הורות מאוחרת, וקסם החיים כשהכול משתבש בדיוק בזמן הנכון.
97 דקות, איטלקית, תרגום לעברית ואנגלית",45.00 ILS,https://www.cinema.co.il/wp-content/uploads/2025/11/%D7%94%D7%9E%D7%A9%D7%A4%D7%97%D7%94-%D7%94%D7%90%D7%99%D7%98%D7%9C%D7%A7%D7%99%D7%AA-%D7%A9%D7%9C%D7%99.jpg,https://www.cinema.co.il/event/%d7%94%d7%9e%d7%a9%d7%a4%d7%97%d7%94-%d7%94%d7%90%d7%99%d7%98%d7%9c%d7%a7%d7%99%d7%aa-%d7%a9%d7%9c%d7%99/,Cinematheque Tel Aviv,Cinematheque Tel Aviv,active,Other,2026-09-10,אולם 3,,20260910,3,10.09.2026 14:30,אולם 3,https://cintlv.presglobal.store/order/133669,,20134
133549,ערך סנטימנטלי,"ערך סנטימנטלי (נורבגיה/ גרמניה/ דנמרק/ צרפת/ שוודיה 2025 )
בימוי: יואכים טרייר
משחק: רנטה ריינסב, סטלן סקארסגארד, אל פאנינג
SENTIMENTAL VALUE
Dir: Joachim Trier 
הבמאי עטור הפרסים יואכים טרייר מתאחד עם רנטה ריינסב (""האדם הגרוע בעולם"") לדרמה מרגשת שהדהימה את פסטיבל קאן וגרפה את הפרס הגדול. לאחר מות אִמה של נורה חוזר לחייה אביה גוסטב (סטלן סקארסגארד), במאי קולנוע מפורסם, ובאמתחתו הצעה: הוא מעוניין שהיא תגלם את התפקיד הראשי ביצירה אוטוביוגרפית חדשה שעליה הוא עובד. נורה מסרבת, והתפקיד נמסר לשחקנית אמריקאית מבטיחה (אל פאנינג), שמשנה את מסלול הסרט. בין היעדרותה של האם האהובה, שובו של האב והעבודה על הסרט, נורה ואחותה אגנס מנסות לגשש את דרכן במבוך של רגשות סותרים ושאיפה לפתוח פרק חדש בחייהן.
132 דקות, נורבגית ואנגלית, תרגום לעברית ואנגלית",45.00 ILS,https://www.cinema.co.il/wp-content/uploads/2026/01/%D7%A2%D7%A8%D7%9A-%D7%A1%D7%A0%D7%98%D7%99%D7%9E%D7%A0%D7%98%D7%9C%D7%99.jpg,https://www.cinema.co.il/event/%d7%a2%d7%a8%d7%9a-%d7%a1%d7%a0%d7%98%d7%99%d7%9e%d7%a0%d7%98%d7%9c%d7%99/,Cinematheque Tel Aviv,Cinematheque Tel Aviv,active,Other,2026-09-10,אולם 4,,20260910,3,10.09.2026 16:30,אולם 4,https://cintlv.presglobal.store/order/133549,,19840
133568,בחזרה מהימלאיה,"בחזרה מההימלאיה (ספרד 2024)
בימוי: סלבדור קאלבו
משחק: מיגל הראן, סוסנה אבאיטואה, אלכסנדרה מסנגקאיי
Valley of Shadows
Dir: Salvador Calvo
קיקה, קלרה ובנה לוקאס יוצאים לחופשה בצפון הודו. במהלך לילה סוער, תקרית דרמטית מפרידה ביניהם וקיקה מחולץ כשהוא פצוע ומובל אל כפר מבודד למרגלות ההימלאיה. שם, למול היופי הבלתי נתפס, קיקה מתאושש בהדרגה ולומד את אורח חייהם הייחודי של בני השבט – את המסורות, האמונות והקשר העמוק לטבע. תהליך ההחלמה הופך למסע פנימי של גילוי עצמי וגאולה, עד שלבסוף, קיקה מתחזק ומסוגל לצאת לדרך ולתפוס חזרה את מקומו בעולם, כשהוא כבר אינו אותו אדם.
120 דקות, ספרדית בתרגום לעברית ולאנגלית..",45.00 ILS,https://www.cinema.co.il/wp-content/uploads/2025/10/%D7%91%D7%97%D7%96%D7%A8%D7%94-%D7%9E%D7%94%D7%94%D7%99%D7%9E%D7%9C%D7%90%D7%99%D7%94.jpg,https://www.cinema.co.il/event/%d7%91%d7%97%d7%96%d7%a8%d7%94-%d7%9e%d7%94%d7%94%d7%99%d7%9e%d7%9c%d7%90%d7%99%d7%94/,Cinematheque Tel Aviv,Cinematheque Tel Aviv,active,Other,2026-09-10,אולם 3,,20260910,3,10.09.2026 16:30,אולם 3,https://cintlv.presglobal.store/order/133568,,21166
132960,הפשוטע | פרק סיום + מפגש עם היוצרים,"בואו לראות לפני כולם את הפרק האחרון של הפשוטע בסינמטק תל אביב 

אחרי ההקרנה תתקיים שיחה עם יוצרי הסדרה - בר אלמליח, אושרי סרוסי וחן רוטמן

על הסדרה:

ב־2018 נפתח העמוד ""הפשוטע"", שלו כבר היום יש מעל מיליון עוקבים בפייסבוק ובאינסטגרם, שבו עלו במהלך השנים אלפי פוסטים מלאי אהבה לתרבות הפופ. דמותה של הפשוטע תתעורר לחיים בסדרה חדשה – קומדיה פרועה בת 9 פרקים. בת אל (בצי) מאורסת לנהוראי, הם יחד מאז הטיול השנתי בכיתה י""א. מאז שהוא נפרד ממנה במפתיע בחינה, בצי מוצאת את עצמה רווקה לראשונה מאז התיכון. סיבת הפרידה: שהיא חסרת חיוניות, או שאיפות, או עבודה, או בקיצור – פשוטה. בצי נרשמת ללימודי תקשורת במכללת סבידור סנטר (למה? כי היא תקשורתית) והופכת לסטודנטית מן המניין (כן, תנוח דעתכם, תהיה פאנג׳ויה).

היא יוצאת מאופקים עם שתי הבסטיז שלה, טימור ונופר, ויחד הן שוכרות דירה בתל אביב, שבה מתגורר גם טופז, שותף שהשתיקה יפה לו.

הפקה: טדי הפקות יוצרים: אושרית סרוסי, חן רוטמן, בר אלמליח דונצוב ואורי גרוס במאי: דן",10.00 ILS,https://www.cinema.co.il/wp-content/uploads/2026/08/%D7%94%D7%A4%D7%A9%D7%95%D7%98%D7%A2.jpg,https://www.cinema.co.il/event/%d7%94%d7%a4%d7%a9%d7%95%d7%98%d7%a2-%d7%a4%d7%a8%d7%a7-%d7%a1%d7%99%d7%95%d7%9d-%d7%9e%d7%a4%d7%92%d7%a9-%d7%a2%d7%9d-%d7%94%d7%99%d7%95%d7%a6%d7%a8%d7%99%d7%9d/,Cinematheque Tel Aviv,Cinematheque Tel Aviv,active,Other,2026-09-10,אולם 3,,20260910,3,10.09.2026 19:00,אולם 3,https://cintlv.presglobal.store/order/132960,סולדאאוט,21312
132687,אבו אל בנאת,"אבו אל בנאת (ישראל 1973) בימוי: משה מזרחי משחק: שייקה אופיר, זהרירה חריפאי, יוסף שילוח, מיכל בת אדם DAUGHTERS, DAUGHTERS Dir: Moshe Mizrahi אשתו של שבתאי אלפנדרי, ספרדי טהור ובעל מעמד של כבוד בירושלים, העמידה לו תשע בנות ואף לא בן אחד שיאמר עליו קדיש. בלילות חולם אלפנדרי על הבן המיוחל ובייאושו אף מוחל על כבודו ופונה למכשף מקומי המשביע שדים ונשים עקרות. כדי לעקוף את רוע הגזרה הוא משיא את בתו הבכורה לעוזרו הקרוב, אך זו לא מאחרת ומביאה לעולם בת נוספת... (100 דקות. עברית) (100 min., Heb)",45.00 ILS,https://www.cinema.co.il/wp-content/uploads/2025/10/%D7%90%D7%91%D7%95-%D7%90%D7%9C-%D7%91%D7%A0%D7%90%D7%AA.jpg,https://www.cinema.co.il/event/%d7%90%d7%91%d7%95-%d7%90%d7%9c-%d7%91%d7%a0%d7%90%d7%aa/,Cinematheque Tel Aviv,Cinematheque Tel Aviv,active,Other,2026-09-10,אולם 4,,20260910,3,10.09.2026 19:30,אולם 4,https://cintlv.presglobal.store/order/132687,מחווה למשה מזרחי,921
132959,לא רק בלונדינית | זוהר אורבך וליהיא גרינ,"היום גם בבית המשפט העליון כבר יודעים: ״לא רק בלונדינית״ הוא קלאסיקה. ואין דרך טובה יותר לחגוג אותה מאשר ערב עם האחת והיחידה, ליהיא גרינר, ומבקר הקולנוע זוהר אורבך, בהקרנה פעילה חגיגית של הסרט הבלתי נשכח על מסעה של אל וודס, הסטודנטית למשפטים הכי אייקונית בתולדות הקולנוע, שלימדה את כולנו שגם בלונדינית שלבושה בוורוד יכולה לנצח בבית משפט, וגם מחוצה לו.
בימוי: רוברט לוקטיץ'
בהשתתפות: ריס ווית'רספון, לוק ווילסון, ג'ניפר קולידג', סלמה בלייר
שפה: אנגלית, תרגום לעברית
לא רק בלונדינית | Legally Blonde
אחרי שבן זוגה זורק אותה, מחליטה אל וודס, בלונדינית מטופחת שנושאת בשל כך יחס מתנשא מהסביבה שהיא לא תוותר בקלות. בעקבות האקס היא נרשמת ללימודי משפטים בהארוורד וכאן היא כבר מוצאת את הדרך להראות לו איזו טעות הוא עשה. עם מידה שווה של אהבה עצמית ומודעות עצמית, זהו גילטי פלז'ר לגיטימי שעיקר ההצלחה שלו נובעת מהופעה כבירה של ריס וויתרספון – עם דמות קרנבלית שלא מתביישת בעצמה: ביופיה, בחוכמתה ובכישוריה החברתיים",65.00 ILS,https://www.cinema.co.il/wp-content/uploads/2025/02/%D7%9C%D7%90-%D7%A8%D7%A7-%D7%91%D7%9C%D7%95%D7%A0%D7%93%D7%99%D7%A0%D7%99%D7%AA1.jpg,https://www.cinema.co.il/event/%d7%9c%d7%90-%d7%a8%d7%a7-%d7%91%d7%9c%d7%95%d7%a0%d7%93%d7%99%d7%a0%d7%99%d7%aa-%d7%96%d7%95%d7%94%d7%a8-%d7%90%d7%95%d7%a8%d7%91%d7%9a-%d7%95%d7%9c%d7%99%d7%94%d7%99%d7%90-%d7%92%d7%a8%d7%99%d7%a0/,Cinematheque Tel Aviv,Cinematheque Tel Aviv,active,Other,2026-09-10,אולם 3,,20260910,3,10.09.2026 21:00,אולם 3,https://cintlv.presglobal.store/order/132959,צעירים סינמטק,21311
133200,טורסו,"טורסו (איטליה 1973)
בימוי : סרג'יו מרטינו
משחק : סוזי קנדל, טינה אומונט, לוק מרנדה
Torso
Dir: Sergio Martino
הסלאשר המרהיב שיצר סרג'יו מרטינו ב-1973 הקדים את זמנו ומשלב בתוכו אימה אינטנסיבית ביחד עם ארוטיקה לא מצונזרת. רוצח סדרתי משוטט ברחובות פרוג'יה ומסמן את הסטודנטיות של האוניברסיטה המקומית כמטרותיו העיקריות. כשכמה מהן מחליטות להתרחק מהפחד ולנפוש בוילה גדולה ומבודדת הן מגלות שהפחד קרוב יותר מתמיד. סרטו המסוגנן של אחד מבמאי הג'יאלו המוערכים ביותר זכה לאורך השנים למעמד פולחני, בעיקר בגלל השליש האחרון והמותח שלו. הוא משופע באלימות וארוטיקה והוא אחד מסרטי הג'אלו האהובים ביותר על קוונטין טרנטינו שבחר להציג אותו בפסטיבל הסרטים באוסטין שבטקסס ב-1999.

92 דקות, אנגלית, תרגום לעברית",45.00 ILS,https://www.cinema.co.il/wp-content/uploads/2023/02/%D7%98%D7%95%D7%A8%D7%A1%D7%95.jpg,https://www.cinema.co.il/event/%d7%98%d7%95%d7%a8%d7%a1%d7%95/,Cinematheque Tel Aviv,Cinematheque Tel Aviv,active,Other,2026-09-10,אולם 4,,20260910,3,10.09.2026 21:45,אולם 4,https://cintlv.presglobal.store/order/133200,לא מצונזר,11926
133670,בחזרה מהימלאיה,"בחזרה מההימלאיה (ספרד 2024)
בימוי: סלבדור קאלבו
משחק: מיגל הראן, סוסנה אבאיטואה, אלכסנדרה מסנגקאיי
Valley of Shadows
Dir: Salvador Calvo
קיקה, קלרה ובנה לוקאס יוצאים לחופשה בצפון הודו. במהלך לילה סוער, תקרית דרמטית מפרידה ביניהם וקיקה מחולץ כשהוא פצוע ומובל אל כפר מבודד למרגלות ההימלאיה. שם, למול היופי הבלתי נתפס, קיקה מתאושש בהדרגה ולומד את אורח חייהם הייחודי של בני השבט – את המסורות, האמונות והקשר העמוק לטבע. תהליך ההחלמה הופך למסע פנימי של גילוי עצמי וגאולה, עד שלבסוף, קיקה מתחזק ומסוגל לצאת לדרך ולתפוס חזרה את מקומו בעולם, כשהוא כבר אינו אותו אדם.
120 דקות, ספרדית בתרגום לעברית ולאנגלית..",45.00 ILS,https://www.cinema.co.il/wp-content/uploads/2025/10/%D7%91%D7%97%D7%96%D7%A8%D7%94-%D7%9E%D7%94%D7%94%D7%99%D7%9E%D7%9C%D7%90%D7%99%D7%94.jpg,https://www.cinema.co.il/event/%d7%91%d7%97%d7%96%d7%a8%d7%94-%d7%9e%d7%94%d7%94%d7%99%d7%9e%d7%9c%d7%90%d7%99%d7%94/,Cinematheque Tel Aviv,Cinematheque Tel Aviv,active,Other,2026-09-12,אולם 4,,20260912,5,12.09.2026 13:30,אולם 4,https://cintlv.presglobal.store/order/133670,,21166
133572,מה שמריאל יודעת,"מה שמריאל יודעת (גרמניה 2025)
בימוי: פרדריק האמבלק
משחק: ג'וליה ג'נטש, פליקס קריימר, לאני גריזלר, מחמט אצקי, מוריץ טרונפלס
WHAT MARIELLE KNOWS
Dir: Frederic Hambalek
מריאל מפתחת בן לילה יכולת לראות ולשמוע כל מה שהוריה, יוליה וטוביאס, רואים, חושבים ועושים. ההורים מתקשים להתמודד עם היכולת הטלפתית של בתם ועם התעקשותה לחשוף את השקרים הקטנים והעמדות הפנים שעוזרות להם (ולכולנו) לצלוח את החיים. עד מהרה, הם מוצאים עצמם בסחרור מניפולטיבי, אבסורדי, עם תוצאות לא צפויות. ""מה שמריאל יודעת"" - דרמה מושחזת, מקורית ומעוררת מחשבה - מגיעה לחיפה מן הבכורה במסגרת התחרות בפסטיבל ברלין. הסרט מקלף את המעטפת המושלמת של זוג מבוסס ולוקח אותנו למסע אינטליגנטי וקומי אל לבה השברירי של הבורגנות האירופאית.
טריילר - https://www.youtube.com/watch?v=8cGtU2aY2zw&ab_channel=DCM
86 דקות, גרמנית, צרפתית. תרגום לעברית ואנגלית",45.00 ILS,https://www.cinema.co.il/wp-content/uploads/2026/04/%D7%9E%D7%94-%D7%A9%D7%9E%D7%A8%D7%99%D7%90%D7%9C-%D7%99%D7%95%D7%93%D7%A2%D7%AA.jpg,https://www.cinema.co.il/event/%d7%9e%d7%94-%d7%a9%d7%9e%d7%a8%d7%99%d7%90%d7%9c-%d7%99%d7%95%d7%93%d7%a2%d7%aa/,Cinematheque Tel Aviv,Cinematheque Tel Aviv,active,Other,2026-09-12,אולם 3,,20260912,5,12.09.2026 14:00,אולם 3,https://cintlv.presglobal.store/order/133572,,21283
132416,אייפל,"אייפל (צרפת 2021)
בימוי: מרטין בורבולון
משחק: רומן דוריס, אמה מקי
Eiffel
Dir: Martin Bourboulon
המהנדס הצרפתי המהולל גוסטב אייפל בדיוק סיים את העבודה האינטנסיבית על פסל החירות, ושמח ""להירגע"" עם הפרויקט החדש שלו – הרכבת התחתית. לכן, כשהממשלה הצרפתית פונה אליו בבקשה לעצב דבר מה יוצא דופן לכבוד התערוכה העולמית של שנת 1889, הוא מסרב בנימוס. אך פגישה מקרית עם אישה מסתורית מעברו משנה הכול, ואהבתו האבודה תספק לו את ההשראה לשנות את קו הרקיע של פריז, לנצח...
 108 דקות, צרפתית, תרגום לעברית ואנגלית",45.00 ILS,https://www.cinema.co.il/wp-content/uploads/2022/04/%D7%90%D7%99%D7%99%D7%A4%D7%9C.jpg,https://www.cinema.co.il/event/%d7%90%d7%99%d7%99%d7%a4%d7%9c/,Cinematheque Tel Aviv,Cinematheque Tel Aviv,active,Other,2026-09-12,אולם 4,,20260912,5,12.09.2026 16:00,אולם 4,https://cintlv.presglobal.store/order/132416,"ארכיטקטורה בזמן: מבנים, ערים וחלומות בקולנוע",10093
133421,המשפחה האיטלקית שלי + הרצאה,"המשפחה האיטלקית שלי (איטליה 2025)
בימוי: ג'יאני די גריגוריו
משחק: ג'יאני די גריגוריו, גרטה סקראנו, אלסנדרו בדטי
COME TI MUOVI SBAGLI
Dir: Gianni Di Gregorio
פרופסור בדימוס מנהל חיים שלוים ונעימים – פנסיה נאה, חברים קבועים, ארוחות ויין טוב; אלא שהשקט מתפוגג בן-לילה כשבתו נוחתת בביתו עם שני ילדיה הסוערים ונישואים על סף פירוק. על רקע רחובות רומא הציוריים, הכיכרות ובתי הקפה הקטנים, נפרש בלגן משפחתי מצחיק - סיפור על דור ההורים שנאלץ ללמוד מחדש מהי משפחה, אחריות וסבלנות – ובעיקר איך לשרוד את הדור הבא.
ג’אני די גרגוריו, במאי הלהיטים ""ארוחות אמצע אוגוסט"", ""טעם החיים"" ו""צ'או איטליה"", חוזר עם קומדיה איטלקית חכמה וחמה על אהבה, הורות מאוחרת, וקסם החיים כשהכול משתבש בדיוק בזמן הנכון.
97 דקות, איטלקית, תרגום לעברית ואנגלית
לפני הסרט הרצאתה של נוי לוין
משפחות לא מושלמות בקולנוע 
מאגדות הילדים, דרך הקולנוע היהודי ועד המשפחה האיטלקית החמה והכאוטית, נגלה איך הקולנוע חוזר שוב ושוב אל התא המשפחתי כמקום שבו ",65.00 ILS,https://www.cinema.co.il/wp-content/uploads/2025/11/%D7%94%D7%9E%D7%A9%D7%A4%D7%97%D7%94-%D7%94%D7%90%D7%99%D7%98%D7%9C%D7%A7%D7%99%D7%AA-%D7%A9%D7%9C%D7%99.jpg,https://www.cinema.co.il/event/%d7%94%d7%9e%d7%a9%d7%a4%d7%97%d7%94-%d7%94%d7%90%d7%99%d7%98%d7%9c%d7%a7%d7%99%d7%aa-%d7%a9%d7%9c%d7%99-%d7%94%d7%a8%d7%a6%d7%90%d7%94/,Cinematheque Tel Aviv,Cinematheque Tel Aviv,active,Other,2026-09-12,אולם 3,,20260912,5,12.09.2026 16:00,אולם 3,https://cintlv.presglobal.store/order/133421,,20008
133799,סרט לגו | מדובב | על פופים,"ארה""ב / 2014/ אורך: 100

בימוי: פיל לורד וכריסטופר מילר
שחקנים: כריס פראט, וויל פרל, אליזבת בנקס
שפה: מדובב לעברים
סרט לגו | The Lego Movie

בעולם העשוי כולו מלגו, חי הפועל הפשוט אמט (כריס פראט) בנאיביות הרמונית, נהנה מהשגרה המונוטונית תחת שלטונו הרודני של פרזידנט ביזנס (וויל פארל). יום אחד נכנסת לחייו הלוחמת ווילדסטייל (אליזבת בנקס) ומודיעה לו שהוא נבחר להציל את עולמם מן הרודן, שמתכנן להחריב הכול באמצעות טכנולוגיה זדונית. השניים יצאו למסע מפרך שבעקבותיהם השוטר הרע (ליאם ניסן), ולעזרתם תעמוד מועצת הגיבורים הסודית.בין המדובבים: מורגן פרימן וויל ארנט, דייב פרנקו, ג’ונה היל ורבים אחרים. ביימו פיל לורד וכריסטופר מילר.",45.00 ILS,https://www.cinema.co.il/wp-content/uploads/2023/06/logo.png,https://www.cinema.co.il/event/%d7%a1%d7%a8%d7%98-%d7%9c%d7%92%d7%95-%d7%9e%d7%93%d7%95%d7%91%d7%91-%d7%a2%d7%9c-%d7%a4%d7%95%d7%a4%d7%99%d7%9d/,Cinematheque Tel Aviv,Cinematheque Tel Aviv,active,Other,2026-09-12,אולם 6,,20260912,5,12.09.2026 16:00,אולם 6,https://cintlv.presglobal.store/order/133799,,21400
133550,ערך סנטימנטלי,"ערך סנטימנטלי (נורבגיה/ גרמניה/ דנמרק/ צרפת/ שוודיה 2025 )
בימוי: יואכים טרייר
משחק: רנטה ריינסב, סטלן סקארסגארד, אל פאנינג
SENTIMENTAL VALUE
Dir: Joachim Trier 
הבמאי עטור הפרסים יואכים טרייר מתאחד עם רנטה ריינסב (""האדם הגרוע בעולם"") לדרמה מרגשת שהדהימה את פסטיבל קאן וגרפה את הפרס הגדול. לאחר מות אִמה של נורה חוזר לחייה אביה גוסטב (סטלן סקארסגארד), במאי קולנוע מפורסם, ובאמתחתו הצעה: הוא מעוניין שהיא תגלם את התפקיד הראשי ביצירה אוטוביוגרפית חדשה שעליה הוא עובד. נורה מסרבת, והתפקיד נמסר לשחקנית אמריקאית מבטיחה (אל פאנינג), שמשנה את מסלול הסרט. בין היעדרותה של האם האהובה, שובו של האב והעבודה על הסרט, נורה ואחותה אגנס מנסות לגשש את דרכן במבוך של רגשות סותרים ושאיפה לפתוח פרק חדש בחייהן.
132 דקות, נורבגית ואנגלית, תרגום לעברית ואנגלית",45.00 ILS,https://www.cinema.co.il/wp-content/uploads/2026/01/%D7%A2%D7%A8%D7%9A-%D7%A1%D7%A0%D7%98%D7%99%D7%9E%D7%A0%D7%98%D7%9C%D7%99.jpg,https://www.cinema.co.il/event/%d7%a2%d7%a8%d7%9a-%d7%a1%d7%a0%d7%98%d7%99%d7%9e%d7%a0%d7%98%d7%9c%d7%99/,Cinematheque Tel Aviv,Cinematheque Tel Aviv,active,Other,2026-09-12,אולם 4,,20260912,5,12.09.2026 18:15,אולם 4,https://cintlv.presglobal.store/order/133550,,19840
132415,התחלה,"התחלה (ארה""ב 2010) במאי: כריסטופר נולן משחק: ליאונרדו דקפריו, אלן פייג', מריון קוטיאר INCEPTION Dir: Christopher Nolan דום קוב הוא גנב המתמחה בגניבת סודות יקרי ערך מתת-המודע של קורבנותיו השרויים בשינה. כישוריו אמנם הפכו אותו לכלי מרכזי בעולם הריגול התעשייתי, אך גם למטרה בעבור כל מי שנפגע ונחל הפסדים בגללו. לקוב לא אכפת לחיות במנוסה שכן את היקר לו – משפחתו - הוא כבר איבד בדרכים טרגיות. עבודה חדשה המוצעת לו מתגלה כמפתח להשיב את העבר שאבד. (148 דקות, אנגלית, תרגום לעברית) (.(148 min., Eng., Heb. sub",45.00 ILS,https://www.cinema.co.il/wp-content/uploads/2020/06/%D7%94%D7%AA%D7%97%D7%9C%D7%94-%D7%97%D7%93%D7%A9.jpg,https://www.cinema.co.il/event/%d7%94%d7%aa%d7%97%d7%9c%d7%94/,Cinematheque Tel Aviv,Cinematheque Tel Aviv,active,Other,2026-09-12,אולם 3,,20260912,5,12.09.2026 19:00,אולם 3,https://cintlv.presglobal.store/order/132415,"ארכיטקטורה בזמן: מבנים, ערים וחלומות בקולנוע",6115
133517,אפטר בסינמטק | בוסית בהפרעה,"בוסית בהפרעה (ארה""ב 2026)
בימוי: גרג אראקי
משחק: אוליביה ווילד, קופר הופמן, דויד דיגס, צ'ארלי XCX, ג'וני נוקסוויל, מרגרט צ'ו
I Want Your Sex
הפנטזיות של אליוט הצעיר והתמים מתגשמות במהרה כאשר הוא מקבל עבודה אצל האמנית הפרובוקטיבית אריקה טרייסי, שהופכת אותו למוזה המינית שלה. אבל אליוט מוצא את עצמו בטריטוריה לא מוכרת כשאריקה מכניסה אותו לעולם של סקס, אובססיה, כוח, בגידה ורצח. מותחן קומי נועז, צבעוני ועטור שבחים מפסטיבל סאנדנס בכיכובם של אוליביה ווילד וקופר הופמן, עם דויד דיגס וצ'ארלי XCX.
90 דקות, אנגלית, תרגום לעברית",45.00 ILS,https://www.cinema.co.il/wp-content/uploads/2026/08/%D7%91%D7%95%D7%A1%D7%99%D7%AA-%D7%91%D7%94%D7%A4%D7%A8%D7%A2%D7%94.jpg,https://www.cinema.co.il/event/%d7%90%d7%a4%d7%98%d7%a8-%d7%91%d7%95%d7%a1%d7%99%d7%aa-%d7%91%d7%94%d7%a4%d7%a8%d7%a2%d7%94/,Cinematheque Tel Aviv,Cinematheque Tel Aviv,active,Other,2026-09-12,אולם 4,,20260912,5,12.09.2026 21:00,אולם 4,https://cintlv.presglobal.store/order/133517,אפטר בסינמטק תל אביב!,21363
133571,סיפורים קרועים,"סיפורים קרועים (ספרד/ארגנטינה 2025)
בימוי: מריאנו כהן, גסטון דופראט
משחק: גילרמו פרנצ'לה, אורורה קוואטרוקי, אווה דה דומיניצ'י, גילרמו ארנגו, ז'ורז' באריל
HOMO ARGENTUM
Dir: Mariano Cohn, Gaston Duprat
קומדיה שחורה פרועה, מושחזת ומצחיקה עד דמעות, שהפכה ללהיט קופתי גדול. בהשראת הקומדיות האיטלקיות הקלאסיות של שנות ה-60 וה-70, הסרט משלב הומור שנון עם מבט חד על טבע האדם. באמצעות פסיפס של סיפורים קצרים, אירוניים ולעיתים אבסורדיים, הוא בוחן את השיגעונות, ההרגלים והמוזרויות שמעצבים את חיי היום-יום שלנו – ממערכות יחסים, אהבה ומשפחה ועד לעולם העבודה המנוכר. התוצאה היא דיוקן משעשע ונוקב של החברה העכשווית, כזה שמעורר צחוק גדול, אך גם מחשבות על מי שאנחנו ועל הדרך בה אנו חיים. השחקן המוערך גיירמו פרנצ'לה מוביל את הסרט בתצוגת משחק וירטואוזית ונוגעת ללב, כשהוא מגלם שורה של דמויות שונות, קיצוניות ומשעשעות.
98 דקות, ספרדית, תרגום לעברית ואנגלית
טרום בכורה באדיבות קולנוע חדש בע""מ

טרום בכורה באדיבות קולנוע",45.00 ILS,https://www.cinema.co.il/wp-content/uploads/2026/08/%D7%A1%D7%99%D7%A4%D7%95%D7%A8%D7%99%D7%9D-%D7%A7%D7%A8%D7%95%D7%A2%D7%99%D7%9D-1.jpg,https://www.cinema.co.il/event/%d7%a1%d7%99%d7%a4%d7%95%d7%a8%d7%99%d7%9d-%d7%a7%d7%a8%d7%95%d7%a2%d7%99%d7%9d/,Cinematheque Tel Aviv,Cinematheque Tel Aviv,active,Other,2026-09-12,אולם 3,,20260912,5,12.09.2026 22:00,אולם 3,https://cintlv.presglobal.store/order/133571,,20976
133140,גאבה,"גאבה (אירן/צרפת 1996) בימוי: מוחסן מחמאלבף משחק: עבאס סאייהי, שאגאייג דז'ודט, חוסיין מוחרמי GABBEH Dir: Mohsen Makhbalbaf גאבה הוא סוג של שטיח צבעוני שיוצרים בני השבטים הנודדים בדרום מערב אירן בהשראת חייהם. אשה מכבסת את אחד השטיחים ומגלה שמתוכו צצה דמות של בחורה יפהפייה, גאבה שמה. על אותה גאבה אומללה נאסר להתראות עם אהובה עד שישוב דודה מהעיר הגדולה. כאשר הוא סוף סוף מגיע עליה להמתין עד שימצא לעצמו כלה, וכך נותר האהוב מעין צללית הרוכבת תמיד בסמוך לקו האופק... (75 דקות, פרסית, תרגום לעברית) (.(75 min., Farsi, Heb. sub",45.00 ILS,https://www.cinema.co.il/wp-content/uploads/2020/06/gabbeh.jpg,https://www.cinema.co.il/event/%d7%92%d7%90%d7%91%d7%94/,Cinematheque Tel Aviv,Cinematheque Tel Aviv,active,Other,2026-09-13,אולם 4,,20260913,6,13.09.2026 13:15,אולם 4,https://cintlv.presglobal.store/order/133140,מערכות יחסים,6261
132419,הברוטליסט סינמטק,"הברוטליסט (ארה""ב/ בריטניה 2024)
בימוי: בריידי קורבט
משחק: אדריאן ברודי, פליסיטי ג'ונס, גאי פירס, אלסנדרו ניבולה
THE BRUTALIST
Dir: Brady Corbet
זוכה פרס הבימוי בפסטיבל ונציה, ""הברוטליסט"" הוא אפוס היסטורי מונומנטאלי בבימויו של בריידי קורבט ובכיכובם של זוכה האוסקר אדריאן ברודי, פליסיטי ג'ונס וגיא פירס. הסרט מתאר את מסעו של האדריכל היהודי יליד הונגריה לסלו טו (ברודי), שהיגר לארה""ב אחרי המלחמה ללא כול. בדרך מקרה הוא זוכה לנהל פרויקט אדריכלי אדיר שישנה את מהלך חיו ב-30 השנים הבאות. סרט מפעים ומסעיר, שבוחן מחדש את החלום האמריקאי והשיטה הקפיטליסטית מבעד לעיניו של ניצול שואה שבחר באמריקה על פני המדינה היהודית שהוקמה במקביל בארץ ישראל. הזוכה בפרס גלובוס הזהב לסרט הטוב 2024.
215 דקות, אנגלית, הונגרית, יידיש, עברית, איטלקית, תרגום לעברית",45.00 ILS,https://www.cinema.co.il/wp-content/uploads/2023/06/logo.png,https://cintlv.presglobal.store/order/132419,Cinematheque Tel Aviv,Cinematheque Tel Aviv,active,Other,2026-09-13,אולם 3,,20260913,6,13.09.2026 13:30,אולם 3,https://cintlv.presglobal.store/order/132419,ארכיטקטורה וקולנוע,17286
132688,האישה בלבן - נבחרי דוקאביב,"האישה בלבן (ישראל/ גרמניה 2026)
בימוי: עמנואל מאייר
THE WOMAN IN WHITE
Dir: Emmanuelle Mayer
הזוכה בפרסי הסרט הטוב והתחקיר דוקאביב 2026. 
מי הייתה תמר גולן ולמה אינה מופיעה בספרי ההיסטוריה? האם הייתה סוכנת מוסד, או אהובתו של קולונל מצרי או של שליט אפריקאי? איך היא השפיעה על הסכם השלום של ישראל עם מצרים? האישה שלבשה לבן ומשכה בחוטים מאחורי הקלעים של מדיניות החוץ של ישראל, המציאה דיפלומטיה אחרת, נשענה על יחסים אישיים, מבט בעיניים, וניהול סלון פוליטי תרבותי בפריז. היא הצליחה היכן שהערוצים הרשמיים נכשלו, אך שמה מעולם לא נכנס לרשומות הרשמיות. לאחר מותה, במאית הסרט נתקלת בארכיון הפרטי שלה – יומנים, הקלטות ותצלומים. בעזרתם ובעזרת חבריה, הסרט לוקח אותנו אל תוך סודותיה.
 90 דקות, עברית, ערבית, אנגלית, צרפתית, פורטוגזית, תרגום לעברית.",45.00 ILS,https://www.cinema.co.il/wp-content/uploads/2026/05/%D7%94%D7%90%D7%99%D7%A9%D7%94-%D7%91%D7%9C%D7%91%D7%9F.jpg,https://www.cinema.co.il/event/%d7%94%d7%90%d7%99%d7%a9%d7%94-%d7%91%d7%9c%d7%91%d7%9f-%d7%a0%d7%91%d7%97%d7%a8%d7%99-%d7%93%d7%95%d7%a7%d7%90%d7%91%d7%99%d7%91/,Cinematheque Tel Aviv,Cinematheque Tel Aviv,active,Other,2026-09-13,אולם 4,,20260913,6,13.09.2026 15:00,אולם 4,https://cintlv.presglobal.store/order/132688,במראה הישראלית ; נבחרי דוקאביב 2026,20898
133800,סרט לגו | מדובב | על פופים,"ארה""ב / 2014/ אורך: 100

בימוי: פיל לורד וכריסטופר מילר
שחקנים: כריס פראט, וויל פרל, אליזבת בנקס
שפה: מדובב לעברים
סרט לגו | The Lego Movie

בעולם העשוי כולו מלגו, חי הפועל הפשוט אמט (כריס פראט) בנאיביות הרמונית, נהנה מהשגרה המונוטונית תחת שלטונו הרודני של פרזידנט ביזנס (וויל פארל). יום אחד נכנסת לחייו הלוחמת ווילדסטייל (אליזבת בנקס) ומודיעה לו שהוא נבחר להציל את עולמם מן הרודן, שמתכנן להחריב הכול באמצעות טכנולוגיה זדונית. השניים יצאו למסע מפרך שבעקבותיהם השוטר הרע (ליאם ניסן), ולעזרתם תעמוד מועצת הגיבורים הסודית.בין המדובבים: מורגן פרימן וויל ארנט, דייב פרנקו, ג’ונה היל ורבים אחרים. ביימו פיל לורד וכריסטופר מילר.",45.00 ILS,https://www.cinema.co.il/wp-content/uploads/2023/06/logo.png,https://www.cinema.co.il/event/%d7%a1%d7%a8%d7%98-%d7%9c%d7%92%d7%95-%d7%9e%d7%93%d7%95%d7%91%d7%91-%d7%a2%d7%9c-%d7%a4%d7%95%d7%a4%d7%99%d7%9d/,Cinematheque Tel Aviv,Cinematheque Tel Aviv,active,Other,2026-09-13,אולם 6,,20260913,6,13.09.2026 16:30,אולם 6,https://cintlv.presglobal.store/order/133800,,21400
133574,המשפחה האיטלקית שלי,"המשפחה האיטלקית שלי (איטליה 2025)
בימוי: ג'יאני די גריגוריו
משחק: ג'יאני די גריגוריו, גרטה סקראנו, אלסנדרו בדטי
COME TI MUOVI SBAGLI
Dir: Gianni Di Gregorio
פרופסור בדימוס מנהל חיים שלוים ונעימים – פנסיה נאה, חברים קבועים, ארוחות ויין טוב; אלא שהשקט מתפוגג בן-לילה כשבתו נוחתת בביתו עם שני ילדיה הסוערים ונישואים על סף פירוק. על רקע רחובות רומא הציוריים, הכיכרות ובתי הקפה הקטנים, נפרש בלגן משפחתי מצחיק - סיפור על דור ההורים שנאלץ ללמוד מחדש מהי משפחה, אחריות וסבלנות – ובעיקר איך לשרוד את הדור הבא.
ג’אני די גרגוריו, במאי הלהיטים ""ארוחות אמצע אוגוסט"", ""טעם החיים"" ו""צ'או איטליה"", חוזר עם קומדיה איטלקית חכמה וחמה על אהבה, הורות מאוחרת, וקסם החיים כשהכול משתבש בדיוק בזמן הנכון.
97 דקות, איטלקית, תרגום לעברית ואנגלית",45.00 ILS,https://www.cinema.co.il/wp-content/uploads/2025/11/%D7%94%D7%9E%D7%A9%D7%A4%D7%97%D7%94-%D7%94%D7%90%D7%99%D7%98%D7%9C%D7%A7%D7%99%D7%AA-%D7%A9%D7%9C%D7%99.jpg,https://www.cinema.co.il/event/%d7%94%d7%9e%d7%a9%d7%a4%d7%97%d7%94-%d7%94%d7%90%d7%99%d7%98%d7%9c%d7%a7%d7%99%d7%aa-%d7%a9%d7%9c%d7%99/,Cinematheque Tel Aviv,Cinematheque Tel Aviv,active,Other,2026-09-13,אולם 4,,20260913,6,13.09.2026 17:00,אולם 4,https://cintlv.presglobal.store/order/133574,,20134
132652,בשבילך - טרום בכורה,"בשבילך (איטליה 2026)
בימוי: אלסנדרו ארונדיו
משחק: אדוארדו לאו , תרזה ספונאנג'לו, חוויאר פרנצ'סקו ליאוני
 PER TE
Dir: Alessandro Aronadio
סרט מלא קסם והומור, על בחירות אמיצות. חייו של פאולו בן ה-40 משתנים בפתאומיות כשזכרונו מתחיל לבגוד בו. יחד עם בנו מתיה ואשתו מיכאלה, הוא בוחר לחיות כל רגע בעומק, אהבה ונוכחות. 
הם יוצרים זיכרונות, מחוות ומסורות שימשיכו הלאה, גם כשהזיכרון מתחיל לדעוך.
(100 דקות, איטלקית, תרגום לעברית ואנגלית)
טרום בכורה באדיבות סרטי נחשון

טריילר (איטלקית) : https://www.youtube.com/watch?v=I5AY5RBaFHI",45.00 ILS,https://www.cinema.co.il/wp-content/uploads/2026/08/%D7%91%D7%A9%D7%91%D7%99%D7%9C%D7%9A.jpg,https://www.cinema.co.il/event/%d7%91%d7%a9%d7%91%d7%99%d7%9c%d7%9a-%d7%98%d7%a8%d7%95%d7%9d-%d7%91%d7%9b%d7%95%d7%a8%d7%94/,Cinematheque Tel Aviv,Cinematheque Tel Aviv,active,Other,2026-09-13,אולם 3,,20260913,6,13.09.2026 17:45,אולם 3,https://cintlv.presglobal.store/order/132652,,21263
133575,מה שמריאל יודעת,"מה שמריאל יודעת (גרמניה 2025)
בימוי: פרדריק האמבלק
משחק: ג'וליה ג'נטש, פליקס קריימר, לאני גריזלר, מחמט אצקי, מוריץ טרונפלס
WHAT MARIELLE KNOWS
Dir: Frederic Hambalek
מריאל מפתחת בן לילה יכולת לראות ולשמוע כל מה שהוריה, יוליה וטוביאס, רואים, חושבים ועושים. ההורים מתקשים להתמודד עם היכולת הטלפתית של בתם ועם התעקשותה לחשוף את השקרים הקטנים והעמדות הפנים שעוזרות להם (ולכולנו) לצלוח את החיים. עד מהרה, הם מוצאים עצמם בסחרור מניפולטיבי, אבסורדי, עם תוצאות לא צפויות. ""מה שמריאל יודעת"" - דרמה מושחזת, מקורית ומעוררת מחשבה - מגיעה לחיפה מן הבכורה במסגרת התחרות בפסטיבל ברלין. הסרט מקלף את המעטפת המושלמת של זוג מבוסס ולוקח אותנו למסע אינטליגנטי וקומי אל לבה השברירי של הבורגנות האירופאית.
טריילר - https://www.youtube.com/watch?v=8cGtU2aY2zw&ab_channel=DCM
86 דקות, גרמנית, צרפתית. תרגום לעברית ואנגלית",45.00 ILS,https://www.cinema.co.il/wp-content/uploads/2026/04/%D7%9E%D7%94-%D7%A9%D7%9E%D7%A8%D7%99%D7%90%D7%9C-%D7%99%D7%95%D7%93%D7%A2%D7%AA.jpg,https://www.cinema.co.il/event/%d7%9e%d7%94-%d7%a9%d7%9e%d7%a8%d7%99%d7%90%d7%9c-%d7%99%d7%95%d7%93%d7%a2%d7%aa/,Cinematheque Tel Aviv,Cinematheque Tel Aviv,active,Other,2026-09-13,אולם 4,,20260913,6,13.09.2026 19:00,אולם 4,https://cintlv.presglobal.store/order/133575,,21283
132507,התחלה,"התחלה (ארה""ב 2010) במאי: כריסטופר נולן משחק: ליאונרדו דקפריו, אלן פייג', מריון קוטיאר INCEPTION Dir: Christopher Nolan דום קוב הוא גנב המתמחה בגניבת סודות יקרי ערך מתת-המודע של קורבנותיו השרויים בשינה. כישוריו אמנם הפכו אותו לכלי מרכזי בעולם הריגול התעשייתי, אך גם למטרה בעבור כל מי שנפגע ונחל הפסדים בגללו. לקוב לא אכפת לחיות במנוסה שכן את היקר לו – משפחתו - הוא כבר איבד בדרכים טרגיות. עבודה חדשה המוצעת לו מתגלה כמפתח להשיב את העבר שאבד. (148 דקות, אנגלית, תרגום לעברית) (.(148 min., Eng., Heb. sub",45.00 ILS,https://www.cinema.co.il/wp-content/uploads/2020/06/%D7%94%D7%AA%D7%97%D7%9C%D7%94-%D7%97%D7%93%D7%A9.jpg,https://www.cinema.co.il/event/%d7%94%d7%aa%d7%97%d7%9c%d7%94/,Cinematheque Tel Aviv,Cinematheque Tel Aviv,active,Other,2026-09-13,אולם 3,,20260913,6,13.09.2026 20:00,אולם 3,https://cintlv.presglobal.store/order/132507,"ארכיטקטורה בזמן: מבנים, ערים וחלומות בקולנוע",6115
133551,ערך סנטימנטלי,"ערך סנטימנטלי (נורבגיה/ גרמניה/ דנמרק/ צרפת/ שוודיה 2025 )
בימוי: יואכים טרייר
משחק: רנטה ריינסב, סטלן סקארסגארד, אל פאנינג
SENTIMENTAL VALUE
Dir: Joachim Trier 
הבמאי עטור הפרסים יואכים טרייר מתאחד עם רנטה ריינסב (""האדם הגרוע בעולם"") לדרמה מרגשת שהדהימה את פסטיבל קאן וגרפה את הפרס הגדול. לאחר מות אִמה של נורה חוזר לחייה אביה גוסטב (סטלן סקארסגארד), במאי קולנוע מפורסם, ובאמתחתו הצעה: הוא מעוניין שהיא תגלם את התפקיד הראשי ביצירה אוטוביוגרפית חדשה שעליה הוא עובד. נורה מסרבת, והתפקיד נמסר לשחקנית אמריקאית מבטיחה (אל פאנינג), שמשנה את מסלול הסרט. בין היעדרותה של האם האהובה, שובו של האב והעבודה על הסרט, נורה ואחותה אגנס מנסות לגשש את דרכן במבוך של רגשות סותרים ושאיפה לפתוח פרק חדש בחייהן.
132 דקות, נורבגית ואנגלית, תרגום לעברית ואנגלית",45.00 ILS,https://www.cinema.co.il/wp-content/uploads/2026/01/%D7%A2%D7%A8%D7%9A-%D7%A1%D7%A0%D7%98%D7%99%D7%9E%D7%A0%D7%98%D7%9C%D7%99.jpg,https://www.cinema.co.il/event/%d7%a2%d7%a8%d7%9a-%d7%a1%d7%a0%d7%98%d7%99%d7%9e%d7%a0%d7%98%d7%9c%d7%99/,Cinematheque Tel Aviv,Cinematheque Tel Aviv,active,Other,2026-09-13,אולם 4,,20260913,6,13.09.2026 21:00,אולם 4,https://cintlv.presglobal.store/order/133551,,19840
132431,נשים,"נשים (ישראל 1996) בימוי: משה מזרחי משחק: מיכל בת-אדם, אילור הרפז, עמוס לביא, רבקה גור WOMEN Dir: Moshe Mizrahi עיבוד לסיפור מאת יהודה בורלא. ירושלים בסוף המאה ה-19. רבקה נשואה באושר לרב המקובל יוסף, אך אינה מצליחה להרות. בצר לה היא מחליטה להשיא את בעלה לסולטנה בת השמונה-עשרה כדי שתלד לו ילד. מה שמתחיל כמעשה הקרבה אלטרואיסטי, מטיל את רבקה למערבולת של צער וקנאה. (98 דקות, עברית, תרגום לעברית)(",45.00 ILS,https://www.cinema.co.il/wp-content/uploads/2026/08/%D7%A0%D7%A9%D7%99%D7%9D-%D7%9E%D7%A9%D7%94-%D7%9E%D7%96%D7%A8%D7%97%D7%99.jpg,https://www.cinema.co.il/event/%d7%a0%d7%a9%d7%99%d7%9d/,Cinematheque Tel Aviv,Cinematheque Tel Aviv,active,Other,2026-09-14,אולם 4,,20260914,7,14.09.2026 17:30,אולם 4,https://cintlv.presglobal.store/order/132431,מחווה למשה מזרחי,21235
133129,מה שמריאל יודעת,"מה שמריאל יודעת (גרמניה 2025)
בימוי: פרדריק האמבלק
משחק: ג'וליה ג'נטש, פליקס קריימר, לאני גריזלר, מחמט אצקי, מוריץ טרונפלס
WHAT MARIELLE KNOWS
Dir: Frederic Hambalek
מריאל מפתחת בן לילה יכולת לראות ולשמוע כל מה שהוריה, יוליה וטוביאס, רואים, חושבים ועושים. ההורים מתקשים להתמודד עם היכולת הטלפתית של בתם ועם התעקשותה לחשוף את השקרים הקטנים והעמדות הפנים שעוזרות להם (ולכולנו) לצלוח את החיים. עד מהרה, הם מוצאים עצמם בסחרור מניפולטיבי, אבסורדי, עם תוצאות לא צפויות. ""מה שמריאל יודעת"" - דרמה מושחזת, מקורית ומעוררת מחשבה - מגיעה לחיפה מן הבכורה במסגרת התחרות בפסטיבל ברלין. הסרט מקלף את המעטפת המושלמת של זוג מבוסס ולוקח אותנו למסע אינטליגנטי וקומי אל לבה השברירי של הבורגנות האירופאית.
טריילר - https://www.youtube.com/watch?v=8cGtU2aY2zw&ab_channel=DCM
86 דקות, גרמנית, צרפתית. תרגום לעברית ואנגלית",45.00 ILS,https://www.cinema.co.il/wp-content/uploads/2026/04/%D7%9E%D7%94-%D7%A9%D7%9E%D7%A8%D7%99%D7%90%D7%9C-%D7%99%D7%95%D7%93%D7%A2%D7%AA.jpg,https://www.cinema.co.il/event/%d7%9e%d7%94-%d7%a9%d7%9e%d7%a8%d7%99%d7%90%d7%9c-%d7%99%d7%95%d7%93%d7%a2%d7%aa/,Cinematheque Tel Aviv,Cinematheque Tel Aviv,active,Other,2026-09-14,אולם 3,,20260914,7,14.09.2026 17:30,אולם 3,https://cintlv.presglobal.store/order/133129,,21283
132783,בלייד ראנר הגרסה הסופית +פאנל- מועדון או,"בלייד ראנר (הקרנה + פאנל) - מועדון אוטופיה - סדרת AI (ארה""ב 1982)

Blade Runner
בימוי: רידלי סקוט
Dir: Ridley Scott
משחק: האריסון פורד, שון יאנג, רוטגר האוור

בלוס אנג'לס דיסטופית, בלש לשעבר בשם דקארד (האריסון פורד) שעבד בתור ""בלייד ראנר"", נשלח למשימה מיוחדת - איתורם וחיסולם של ארבעה ""רפליקנטים"" - אנדרואידים דמויי אדם - שנמלטו ממושבות החלל וחדרו לכדור הארץ, במטרה למצוא את יוצרם ולהאריך את תוחלת חייהם הקצרה. העלילה העתידנית מחקה את סרטי הפילם נואר של שנות ה-40, אבל בליבה עומדת שאלה פילוסופית, שרלוונטית היום יותר מתמיד - מה מבדיל אדם ממכונה?
 הסרט מוקרן כחלק מסדרת סרטים בנושא A.I בהובלת אוטופיה, הפסטיבל הבינלאומי לסרטי ז'אנר בתל אביב. לאחר ההקרנה יתקיים פאנל בהנחייתו של בועז לביא (סופר, מחזאי ויזם) ובהשתתפותה של שרון קנטור (מוזיקאית וסופרת ישראלית).

משך האירוע כשעתיים וחצי",45.00 ILS,https://www.cinema.co.il/wp-content/uploads/2019/11/%D7%91%D7%9C%D7%99%D7%99%D7%93-%D7%A8%D7%90%D7%A0%D7%A8.jpg,https://www.cinema.co.il/event/%d7%91%d7%9c%d7%99%d7%99%d7%93-%d7%a8%d7%90%d7%a0%d7%a8-%d7%94%d7%92%d7%a8%d7%a1%d7%94-%d7%94%d7%a1%d7%95%d7%a4%d7%99%d7%aa-%d7%a4%d7%90%d7%a0%d7%9c-%d7%9e%d7%95%d7%a2%d7%93%d7%95%d7%9f-%d7%90%d7%95/,Cinematheque Tel Aviv,Cinematheque Tel Aviv,active,Other,2026-09-14,אולם 4,,20260914,7,14.09.2026 19:30,אולם 4,https://cintlv.presglobal.store/order/132783,"ארכיטקטורה בזמן: מבנים, ערים וחלומות בקולנוע",21270
133561,חתונתה של מיוריאל,"חתונתה של מיוריאל (אוסטרליה 1994)
MURIEL'S WEDDING
בימוי: פי ג'יי הוגאן
Dir: PJ Hogan
משחק: טוני קולט, רייצ'ל גריפית'ס, ביל הנטר
שלושים שנה לסרט שגילה לנו את טוני קולט. מיוריאל היא צעירה שמנמנה ולא מקובלת החולמת על חתונה מפוארת ומעריצה את ""אבבא"", גונבת כסף מהוריה, יוצאת לנופש באי טרופי ומשקרת ללא בושה על מנת להשיג את חלומה. קומדיה רומנטית מודעת לעצמה עם הומור אוסטרלי אופייני שחשפה לעולם את שתי השחקניות הנפלאות טוני קולט ורייצ'ל גריפית'ס. מרענן כמו כוס מיץ תפוזים צונן ביום קיץ חם. 

(105 דקות, אנגלית, תרגום לעברית)(105 min., Eng., Heb. Sub)
עותק 35 מ""מ",45.00 ILS,https://www.cinema.co.il/wp-content/uploads/2023/06/logo.png,https://cintlv.presglobal.store/order/133561,Cinematheque Tel Aviv,Cinematheque Tel Aviv,active,Other,2026-09-14,אולם 3,,20260914,7,14.09.2026 19:30,אולם 3,https://cintlv.presglobal.store/order/133561,צעירים סינמטק,16913
132991,קשורות,"קשורות (ארה""ב 1996) בימוי: אחיות ואשובסקי משחק: ג'ניפר טילי, ג'ינה גרשון BOUND Dir: Wachowskys קורקי היא לסבית שהשתחררה זה עתה מחמש שנות מאסר. ויולט היא רעייתו הפרחה של מאפיונר. מהרגע הראשון חשה השנייה משיכה פיזית עזה אל הראשונה והיא גם היוזמת במערכת היחסים הלוהטת שמתפתחת ביניהן. מכאן קרובה הדרך של השתיים להתעשר בשני מיליון דולר על חשבון הפשע המאורגן... לארי ואנדי ואשובסקי (לפני ""מטריקס"" והניתוח לשינוי המין של שניהם) מתגלים כאמני המתח והטיימינג. הם משתעשעים בעצביו של הצופה כמו חיה בטרפה. הממד הסנסציוני שקיים נוכח הסיפור הלסבי משני לעריכה המתוזמנת והסאונד המהמם. (104 דקות, אנגלית, תרגום לעברית)((104 min., Eng., Heb. Sub",45.00 ILS,https://www.cinema.co.il/wp-content/uploads/2021/10/%D7%A7%D7%A9%D7%95%D7%A8%D7%95%D7%AA1.jpg,https://www.cinema.co.il/event/%d7%a7%d7%a9%d7%95%d7%a8%d7%95%d7%aa/,Cinematheque Tel Aviv,Cinematheque Tel Aviv,active,Other,2026-09-14,אולם 3,,20260914,7,14.09.2026 21:45,אולם 3,https://cintlv.presglobal.store/order/132991,נאו נואר,7580
133577,המשפחה האיטלקית שלי,"המשפחה האיטלקית שלי (איטליה 2025)
בימוי: ג'יאני די גריגוריו
משחק: ג'יאני די גריגוריו, גרטה סקראנו, אלסנדרו בדטי
COME TI MUOVI SBAGLI
Dir: Gianni Di Gregorio
פרופסור בדימוס מנהל חיים שלוים ונעימים – פנסיה נאה, חברים קבועים, ארוחות ויין טוב; אלא שהשקט מתפוגג בן-לילה כשבתו נוחתת בביתו עם שני ילדיה הסוערים ונישואים על סף פירוק. על רקע רחובות רומא הציוריים, הכיכרות ובתי הקפה הקטנים, נפרש בלגן משפחתי מצחיק - סיפור על דור ההורים שנאלץ ללמוד מחדש מהי משפחה, אחריות וסבלנות – ובעיקר איך לשרוד את הדור הבא.
ג’אני די גרגוריו, במאי הלהיטים ""ארוחות אמצע אוגוסט"", ""טעם החיים"" ו""צ'או איטליה"", חוזר עם קומדיה איטלקית חכמה וחמה על אהבה, הורות מאוחרת, וקסם החיים כשהכול משתבש בדיוק בזמן הנכון.
97 דקות, איטלקית, תרגום לעברית ואנגלית",45.00 ILS,https://www.cinema.co.il/wp-content/uploads/2025/11/%D7%94%D7%9E%D7%A9%D7%A4%D7%97%D7%94-%D7%94%D7%90%D7%99%D7%98%D7%9C%D7%A7%D7%99%D7%AA-%D7%A9%D7%9C%D7%99.jpg,https://www.cinema.co.il/event/%d7%94%d7%9e%d7%a9%d7%a4%d7%97%d7%94-%d7%94%d7%90%d7%99%d7%98%d7%9c%d7%a7%d7%99%d7%aa-%d7%a9%d7%9c%d7%99/,Cinematheque Tel Aviv,Cinematheque Tel Aviv,active,Other,2026-09-15,אולם 3,,20260915,8,15.09.2026 10:00,אולם 3,https://cintlv.presglobal.store/order/133577,,20134
133149,"תמצאו אותי, טוב?","תמצאו אותי, טוב? (ישראל/ ארה""ב 2026)
בימוי: יולה גדרון
FIND ME, OKAY? 
Dir: Yula Gidron
בבוקר שבת, עדן ירושלמי וחברתה הטובה ארבל רוקדות בפסטיבל נובה. שעות אחדות לאחר מכן עדן נחטפת לעזה – בזמן שאחיותיה מאזינות למאורעות בחוסר אונים מהצד השני של קו הטלפון. מה שמתחיל עם תקווה נואשת לשובה הופך למסע של חוסר ודאות, מאבק ציבורי ואובדן מטלטל. ""תמצאו אותי, טוב?"" הוא תיעוד אינטימי של אמה של עדן, אחיותיה וחברתה הטובה ארבל במאבקן להשיב אותה הביתה – עד הרגע שבו התקווה קורסת. דיוקן של שנתיים של אהבה, אבל, חוסן נפשי ומשימה בלתי אפשרית: למצוא דרך להמשיך הלאה אחרי הטראומה ולבנות את החיים מחדש.

80 דקות, עברית ואנגלית, תרגום לעברית",45.00 ILS,https://www.cinema.co.il/wp-content/uploads/2026/07/%D7%AA%D7%9E%D7%A6%D7%90%D7%95-%D7%90%D7%95%D7%AA%D7%99-%D7%98%D7%95%D7%91.jpg,https://www.cinema.co.il/event/%d7%aa%d7%9e%d7%a6%d7%90%d7%95-%d7%90%d7%95%d7%aa%d7%99-%d7%98%d7%95%d7%91/,Cinematheque Tel Aviv,Cinematheque Tel Aviv,active,Other,2026-09-15,אולם 4,,20260915,8,15.09.2026 11:00,אולם 4,https://cintlv.presglobal.store/order/133149,במראה הישראלית,21188
133576,מה שמריאל יודעת,"מה שמריאל יודעת (גרמניה 2025)
בימוי: פרדריק האמבלק
משחק: ג'וליה ג'נטש, פליקס קריימר, לאני גריזלר, מחמט אצקי, מוריץ טרונפלס
WHAT MARIELLE KNOWS
Dir: Frederic Hambalek
מריאל מפתחת בן לילה יכולת לראות ולשמוע כל מה שהוריה, יוליה וטוביאס, רואים, חושבים ועושים. ההורים מתקשים להתמודד עם היכולת הטלפתית של בתם ועם התעקשותה לחשוף את השקרים הקטנים והעמדות הפנים שעוזרות להם (ולכולנו) לצלוח את החיים. עד מהרה, הם מוצאים עצמם בסחרור מניפולטיבי, אבסורדי, עם תוצאות לא צפויות. ""מה שמריאל יודעת"" - דרמה מושחזת, מקורית ומעוררת מחשבה - מגיעה לחיפה מן הבכורה במסגרת התחרות בפסטיבל ברלין. הסרט מקלף את המעטפת המושלמת של זוג מבוסס ולוקח אותנו למסע אינטליגנטי וקומי אל לבה השברירי של הבורגנות האירופאית.
טריילר - https://www.youtube.com/watch?v=8cGtU2aY2zw&ab_channel=DCM
86 דקות, גרמנית, צרפתית. תרגום לעברית ואנגלית",45.00 ILS,https://www.cinema.co.il/wp-content/uploads/2026/04/%D7%9E%D7%94-%D7%A9%D7%9E%D7%A8%D7%99%D7%90%D7%9C-%D7%99%D7%95%D7%93%D7%A2%D7%AA.jpg,https://www.cinema.co.il/event/%d7%9e%d7%94-%d7%a9%d7%9e%d7%a8%d7%99%d7%90%d7%9c-%d7%99%d7%95%d7%93%d7%a2%d7%aa/,Cinematheque Tel Aviv,Cinematheque Tel Aviv,active,Other,2026-09-15,אולם 3,,20260915,8,15.09.2026 12:00,אולם 3,https://cintlv.presglobal.store/order/133576,,21283
133150,האישה שלא ידעה לאהוב - נבחרי דוקאביב,"האישה שלא ידעה לאהוב (ישראל 2026)
בימוי: רותם דימנד 
The Woman Who Didn't Know How To Love
Dir: Rotem Dimand
זה מתחיל במגירה שנפתחת כמעט במקרה. רותם, קולנוענית צעירה, מגלה את הארכיון הסודי של יהודית, סבתה המנוחה: מכתבים מצהיבים, ערימות של תמונות, וסלילי 8 מ""מ שצילמה במשך שנים, הלוכדים משפחה מאושרת לכאורה בתל אביב של שנות ה-60. היא מתרגשת מהאוצר בזמן שאימה ורדה מתנגדת. היא אף פעם לא סלחה ליהודית על שלא אהבה אותה. רותם מקרינה לאמה את החומרים וסוחפת אותה לשיחה מצחיקה וכנה עד כאב, בה היא מתעקשת לייצר השלמה בין השתיים. הזיכרון והתיעוד מתנגשים חזיתית, מעלים באוב מתים ומגלים סודות שנקברו עמוק. סרט אינטימי על המטען העובר בירושה מאם לבת, מבלי להיאמר.

80 דקות, עברית
בתום ההקרנות ב31/7 +1/8 שיחה עם הבמאית רותם דימנד",45.00 ILS,https://www.cinema.co.il/wp-content/uploads/2026/05/%D7%94%D7%90%D7%99%D7%A9%D7%94-%D7%A9%D7%9C%D7%90-%D7%99%D7%93%D7%A2%D7%94-%D7%90%D7%99%D7%9A-%D7%9C%D7%90%D7%94%D7%95%D7%91.jpg,https://www.cinema.co.il/event/%d7%94%d7%90%d7%99%d7%a9%d7%94-%d7%a9%d7%9c%d7%90-%d7%99%d7%93%d7%a2%d7%94-%d7%9c%d7%90%d7%94%d7%95%d7%91-%d7%a0%d7%91%d7%97%d7%a8%d7%99-%d7%93%d7%95%d7%a7%d7%90%d7%91%d7%99%d7%91/,Cinematheque Tel Aviv,Cinematheque Tel Aviv,active,Other,2026-09-15,אולם 4,,20260915,8,15.09.2026 12:45,אולם 4,https://cintlv.presglobal.store/order/133150,נבחרי דוקאביב 2026,21026
133578,ערך סנטימנטלי,"ערך סנטימנטלי (נורבגיה/ גרמניה/ דנמרק/ צרפת/ שוודיה 2025 )
בימוי: יואכים טרייר
משחק: רנטה ריינסב, סטלן סקארסגארד, אל פאנינג
SENTIMENTAL VALUE
Dir: Joachim Trier 
הבמאי עטור הפרסים יואכים טרייר מתאחד עם רנטה ריינסב (""האדם הגרוע בעולם"") לדרמה מרגשת שהדהימה את פסטיבל קאן וגרפה את הפרס הגדול. לאחר מות אִמה של נורה חוזר לחייה אביה גוסטב (סטלן סקארסגארד), במאי קולנוע מפורסם, ובאמתחתו הצעה: הוא מעוניין שהיא תגלם את התפקיד הראשי ביצירה אוטוביוגרפית חדשה שעליה הוא עובד. נורה מסרבת, והתפקיד נמסר לשחקנית אמריקאית מבטיחה (אל פאנינג), שמשנה את מסלול הסרט. בין היעדרותה של האם האהובה, שובו של האב והעבודה על הסרט, נורה ואחותה אגנס מנסות לגשש את דרכן במבוך של רגשות סותרים ושאיפה לפתוח פרק חדש בחייהן.
132 דקות, נורבגית ואנגלית, תרגום לעברית ואנגלית",45.00 ILS,https://www.cinema.co.il/wp-content/uploads/2026/01/%D7%A2%D7%A8%D7%9A-%D7%A1%D7%A0%D7%98%D7%99%D7%9E%D7%A0%D7%98%D7%9C%D7%99.jpg,https://www.cinema.co.il/event/%d7%a2%d7%a8%d7%9a-%d7%a1%d7%a0%d7%98%d7%99%d7%9e%d7%a0%d7%98%d7%9c%d7%99/,Cinematheque Tel Aviv,Cinematheque Tel Aviv,active,Other,2026-09-15,אולם 4,,20260915,8,15.09.2026 14:30,אולם 4,https://cintlv.presglobal.store/order/133578,,19840
133108,אייפל,"אייפל (צרפת 2021)
בימוי: מרטין בורבולון
משחק: רומן דוריס, אמה מקי
Eiffel
Dir: Martin Bourboulon
המהנדס הצרפתי המהולל גוסטב אייפל בדיוק סיים את העבודה האינטנסיבית על פסל החירות, ושמח ""להירגע"" עם הפרויקט החדש שלו – הרכבת התחתית. לכן, כשהממשלה הצרפתית פונה אליו בבקשה לעצב דבר מה יוצא דופן לכבוד התערוכה העולמית של שנת 1889, הוא מסרב בנימוס. אך פגישה מקרית עם אישה מסתורית מעברו משנה הכול, ואהבתו האבודה תספק לו את ההשראה לשנות את קו הרקיע של פריז, לנצח...
 108 דקות, צרפתית, תרגום לעברית ואנגלית",45.00 ILS,https://www.cinema.co.il/wp-content/uploads/2022/04/%D7%90%D7%99%D7%99%D7%A4%D7%9C.jpg,https://www.cinema.co.il/event/%d7%90%d7%99%d7%99%d7%a4%d7%9c/,Cinematheque Tel Aviv,Cinematheque Tel Aviv,active,Other,2026-09-15,אולם 3,,20260915,8,15.09.2026 16:00,אולם 3,https://cintlv.presglobal.store/order/133108,"ארכיטקטורה בזמן: מבנים, ערים וחלומות בקולנוע",10093
133579,מחפש את חיפה – סיפורו של שמעון הולי - נב,"מחפש את חיפה – סיפורו של שמעון הולי (ישראל 2026)
בימוי: איתן שריד 
Searching for Haifa - The story of Shimon Holly
Dir: Eitan Sarid
שמעון הולי (70), גיבור גיטרה חיפאי מבריק וחד־פעמי, היה פעם הבטחה גדולה בסצנה המוזיקלית והתרבותית הסוערת של חיפה בשנות ה־70. ערב אחד ב־1980 הוא פוגש את מי שנחשב לגיטריסט הטוב בעולם, ללילה של נגינה מכושפת שמשנה את חייו, ואז נעלם. נשארת אגדה מקומית, והקלטה נדירה שמרמזת שהכול באמת קרה. הסרט יוצא למסע בעקבות המיתוס, עד למציאת שמעון הבודד והעזוב, צל חיוור מול האגדה שקדמה לו. במערכה האחרונה נלווה את ניסיונו המאוחר לתיקון, כשייכנס לראשונה לאולפן כדי להקליט את השיר שמלווה אותו כל חייו: ""מחפש את חיפה"".
60 דקות, עברית

 שמעון הולי נפטר ב14/7. ההקרנה של 9/8 תוקדש לזכרו.
בתום ההקרנה שיחה עם הבמאי איתן שריד",45.00 ILS,https://www.cinema.co.il/wp-content/uploads/2026/07/%D7%A9%D7%9E%D7%A2%D7%95%D7%9F-%D7%94%D7%95%D7%9C%D7%99.jpg,https://www.cinema.co.il/event/%d7%9e%d7%97%d7%a4%d7%a9-%d7%90%d7%aa-%d7%97%d7%99%d7%a4%d7%94-%d7%a1%d7%99%d7%a4%d7%95%d7%a8%d7%95-%d7%a9%d7%9c-%d7%a9%d7%9e%d7%a2%d7%95%d7%9f-%d7%94%d7%95%d7%9c%d7%99-%d7%a0%d7%91/,Cinematheque Tel Aviv,Cinematheque Tel Aviv,active,Other,2026-09-15,אולם 4,,20260915,8,15.09.2026 17:15,אולם 4,https://cintlv.presglobal.store/order/133579,במראה הישראלית ; נבחרי דוקאביב 2026,20908
133223,דלתות מסתובבות,"דלתות מסתובבות (בריטניה 1998)
בימוי: פיטר הוויט
משחק: גווינת' פאלטרו, ג'ון האנה, ג'ון לינץ'
SLIDING DOORS
Dir: Peter Howit
""מה היה קורה אילו"" הוא המוטו התסריטאי של הסרט המוצלח הזה מסוף שנות התשעים. העלילה עוקבת אחר שני פתילי עלילה שונים, שמתפצלים רגע אחרי שהלן פוטרה מעבודתה ומיהרה לרכבת התחתית בלונדון: בראשון היא מספיקה לטיוב, ובשני הדלתות נסגרות אל מולה עיניה. שני כיווני העלילה מובילים אותה לתובנות ומפגשים שונים, ובסופו של דבר מאלצים אותה לקבל החלטות ברורות ביחס לחייה. זוהי קומדיה מתוחכמת שזכתה לאהדה גדולה לפני שלושה עשורים ובצדק: החל מהבימוי הקליל של פיטר הויט ועד להופעתה הנעימה של גווינת פאלטרו התוצאה היא מוצר מהנה שמדגדג את השכל והלב. 

95 דקות, אנגלית, תרגום לעברית",45.00 ILS,https://www.cinema.co.il/wp-content/uploads/2025/11/%D7%93%D7%9C%D7%AA%D7%95%D7%AA-%D7%9E%D7%A1%D7%AA%D7%95%D7%91%D7%91%D7%95%D7%AA.jpg,https://www.cinema.co.il/event/%d7%93%d7%9c%d7%aa%d7%95%d7%aa-%d7%9e%d7%a1%d7%aa%d7%95%d7%91%d7%91%d7%95%d7%aa/,Cinematheque Tel Aviv,Cinematheque Tel Aviv,active,Other,2026-09-15,אולם 3,,20260915,8,15.09.2026 18:30,אולם 3,https://cintlv.presglobal.store/order/133223,מועדון הלבבות השלמים,21349
132615,סוף שבוע בגליל,"סוף שבוע בגליל (ישראל 2008) WEEKEND IN GALILEE בימוי: משה מזרחי Dir: Moshe Mizrahi משחק: שרון אלכסנדר, שירי גדני, עודד תאומי, חנה מרון סתיו 1996. אבנר, פרופסור לאומנות בעל שם עולמי ואשתו הצעירה אילנה, מגיעים לביקור במשק של המשפחה שנמצא בגליל ומנוהל על ידי רחל ושוקי, בניו של הפרופסור. מיד עם בואו, זקוק אבנר לרופא ובתו רחל, ממהרת להזמין את הרופא האזורי וידיד המשפחה שהוא גם מושא אהבתה. אבל אהבתו של הרופא נתונה לאילנה שאותה הוא הכיר בביקוריה הקודמים ואיתה הוא מנהל קשר רומנטי סודי. אלגוריה צ'כובית ( בהשראת ""דוד ואניה"") על ישראל הכאובה, המתוסכלת מאובדן ערכים, הכמהה לתקווה וחיים. (100 דקות. עברית)(100 min., Heb) עותק 35 מ""מ",45.00 ILS,https://www.cinema.co.il/wp-content/uploads/2019/06/%D7%AA%D7%9E%D7%95%D7%A0%D7%95%D7%AA-%D7%9C%D7%90%D7%AA%D7%A8-%D7%94%D7%97%D7%93%D7%A9-79.jpg,https://www.cinema.co.il/event/%d7%a1%d7%95%d7%a3-%d7%a9%d7%91%d7%95%d7%a2-%d7%91%d7%92%d7%9c%d7%99%d7%9c/,Cinematheque Tel Aviv,Cinematheque Tel Aviv,active,Other,2026-09-15,אולם 4,,20260915,8,15.09.2026 18:45,אולם 4,https://cintlv.presglobal.store/order/132615,משה מזרחי רטרוספקטיבה,4513
132656,פולחן - נבחרי דוקאביב,"פולחן

בימוי: אסא ריקין ואריאל ברנשטיין
הפקה: אייל דץ וגולדה אנטואן
שנה של התבוננות בחברה הישראלית שלאחר הזעזוע מאירועי 7 באוקטובר. חברה המחפשת נחמה בטקסים: דתיים, לאומניים, במחאה וגם בשכחה. המבט חוזר אל עזה החרבה, והופך בעצמו לריטואל לאומי
ישראל 2026, עברית | 80 דקות",45.00 ILS,https://www.cinema.co.il/wp-content/uploads/2026/08/%D7%A4%D7%95%D7%9C%D7%97%D7%9F.jpg,https://www.cinema.co.il/event/%d7%a4%d7%95%d7%9c%d7%97%d7%9f-%d7%a0%d7%91%d7%97%d7%a8%d7%99-%d7%93%d7%95%d7%a7%d7%90%d7%91%d7%99%d7%91/,Cinematheque Tel Aviv,Cinematheque Tel Aviv,active,Other,2026-09-15,אולם 4,,20260915,8,15.09.2026 21:00,אולם 4,https://cintlv.presglobal.store/order/132656,במראה הישראלית ; נבחרי דוקאביב 2026,21265
133582,מאמא,"מאמא (ישראל/ פולין/ איטליה 2025)
בימוי: אור סיני
משחק: יבגניה דודינה, ארקדיוש יקוביק, קתז'ינה לוביק, חלי גולדנברג
MAMA
Dir: Or Sinai
מילה (יבגניה דודינה) חוזרת הביתה אחרי שנים כדי לפגוש את בעלה ובתה, סוף־סוף לא דרך מסך הטלפון. היא משאירה מאחור רומן סודי ואת חייה הזמניים בישראל, כדי לתפוס מחדש את מקומה בחיק משפחתה שנשארה בכפר עני בפולין. להפתעתה, המציאות בבית שונה לגמרי מזו שדמיינה והיא תיאלץ להכיר במחירן של הבחירות שעשתה בחייה.הסרט הוקרן בבכורה עולמית בפסטיבל קאן וזכה בפרס הסרט הטוב ביותר בפסטיבל הבינלאומי לסרטי נשים בירושלים.

93 דקות, עברית ופולנית, תרגום לעברית
טרום בכורה באדיבות סרטי נחשון
טריילר: 
https://vimeo.com/1153512115/4df7dcaafd?share=copy&fl=sv&fe=ci",45.00 ILS,https://www.cinema.co.il/wp-content/uploads/2026/02/%D7%9E%D7%90%D7%9E%D7%90.jpg,https://www.cinema.co.il/event/%d7%9e%d7%90%d7%9e%d7%90/,Cinematheque Tel Aviv,Cinematheque Tel Aviv,active,Other,2026-09-16,אולם 3,,20260916,9,16.09.2026 14:30,אולם 3,https://cintlv.presglobal.store/order/133582,,20570
133704,סיפורים קרועים,"סיפורים קרועים (ספרד/ארגנטינה 2025)
בימוי: מריאנו כהן, גסטון דופראט
משחק: גילרמו פרנצ'לה, אורורה קוואטרוקי, אווה דה דומיניצ'י, גילרמו ארנגו, ז'ורז' באריל
HOMO ARGENTUM
Dir: Mariano Cohn, Gaston Duprat
קומדיה שחורה פרועה, מושחזת ומצחיקה עד דמעות, שהפכה ללהיט קופתי גדול. בהשראת הקומדיות האיטלקיות הקלאסיות של שנות ה-60 וה-70, הסרט משלב הומור שנון עם מבט חד על טבע האדם. באמצעות פסיפס של סיפורים קצרים, אירוניים ולעיתים אבסורדיים, הוא בוחן את השיגעונות, ההרגלים והמוזרויות שמעצבים את חיי היום-יום שלנו – ממערכות יחסים, אהבה ומשפחה ועד לעולם העבודה המנוכר. התוצאה היא דיוקן משעשע ונוקב של החברה העכשווית, כזה שמעורר צחוק גדול, אך גם מחשבות על מי שאנחנו ועל הדרך בה אנו חיים. השחקן המוערך גיירמו פרנצ'לה מוביל את הסרט בתצוגת משחק וירטואוזית ונוגעת ללב, כשהוא מגלם שורה של דמויות שונות, קיצוניות ומשעשעות.
98 דקות, ספרדית, תרגום לעברית ואנגלית
טרום בכורה באדיבות קולנוע חדש בע""מ

טרום בכורה באדיבות קולנוע",45.00 ILS,https://www.cinema.co.il/wp-content/uploads/2026/08/%D7%A1%D7%99%D7%A4%D7%95%D7%A8%D7%99%D7%9D-%D7%A7%D7%A8%D7%95%D7%A2%D7%99%D7%9D-1.jpg,https://www.cinema.co.il/event/%d7%a1%d7%99%d7%a4%d7%95%d7%a8%d7%99%d7%9d-%d7%a7%d7%a8%d7%95%d7%a2%d7%99%d7%9d/,Cinematheque Tel Aviv,Cinematheque Tel Aviv,active,Other,2026-09-16,אולם 3,,20260916,9,16.09.2026 16:30,אולם 3,https://cintlv.presglobal.store/order/133704,,20976
133809,בחזרה מהימלאיה,"בחזרה מההימלאיה (ספרד 2024)
בימוי: סלבדור קאלבו
משחק: מיגל הראן, סוסנה אבאיטואה, אלכסנדרה מסנגקאיי
Valley of Shadows
Dir: Salvador Calvo
קיקה, קלרה ובנה לוקאס יוצאים לחופשה בצפון הודו. במהלך לילה סוער, תקרית דרמטית מפרידה ביניהם וקיקה מחולץ כשהוא פצוע ומובל אל כפר מבודד למרגלות ההימלאיה. שם, למול היופי הבלתי נתפס, קיקה מתאושש בהדרגה ולומד את אורח חייהם הייחודי של בני השבט – את המסורות, האמונות והקשר העמוק לטבע. תהליך ההחלמה הופך למסע פנימי של גילוי עצמי וגאולה, עד שלבסוף, קיקה מתחזק ומסוגל לצאת לדרך ולתפוס חזרה את מקומו בעולם, כשהוא כבר אינו אותו אדם.
120 דקות, ספרדית בתרגום לעברית ולאנגלית..",45.00 ILS,https://www.cinema.co.il/wp-content/uploads/2025/10/%D7%91%D7%97%D7%96%D7%A8%D7%94-%D7%9E%D7%94%D7%94%D7%99%D7%9E%D7%9C%D7%90%D7%99%D7%94.jpg,https://www.cinema.co.il/event/%d7%91%d7%97%d7%96%d7%a8%d7%94-%d7%9e%d7%94%d7%94%d7%99%d7%9e%d7%9c%d7%90%d7%99%d7%94/,Cinematheque Tel Aviv,Cinematheque Tel Aviv,active,Other,2026-09-16,אולם 4,,20260916,9,16.09.2026 16:30,אולם 4,https://cintlv.presglobal.store/order/133809,,21166
133516,בוסית בהפרעה,"בוסית בהפרעה (ארה""ב 2026)
בימוי: גרג אראקי
משחק: אוליביה ווילד, קופר הופמן, דויד דיגס, צ'ארלי XCX, ג'וני נוקסוויל, מרגרט צ'ו
I Want Your Sex
הפנטזיות של אליוט הצעיר והתמים מתגשמות במהרה כאשר הוא מקבל עבודה אצל האמנית הפרובוקטיבית אריקה טרייסי, שהופכת אותו למוזה המינית שלה. אבל אליוט מוצא את עצמו בטריטוריה לא מוכרת כשאריקה מכניסה אותו לעולם של סקס, אובססיה, כוח, בגידה ורצח. מותחן קומי נועז, צבעוני ועטור שבחים מפסטיבל סאנדנס בכיכובם של אוליביה ווילד וקופר הופמן, עם דויד דיגס וצ'ארלי XCX.
 90 דקות, אנגלית, תרגום לעברית",45.00 ILS,https://www.cinema.co.il/wp-content/uploads/2026/08/%D7%91%D7%95%D7%A1%D7%99%D7%AA-%D7%91%D7%94%D7%A4%D7%A8%D7%A2%D7%94.jpg,https://www.cinema.co.il/event/%d7%91%d7%95%d7%a1%d7%99%d7%aa-%d7%91%d7%94%d7%a4%d7%a8%d7%a2%d7%94/,Cinematheque Tel Aviv,Cinematheque Tel Aviv,active,Other,2026-09-16,אולם 3,,20260916,9,16.09.2026 18:30,אולם 3,https://cintlv.presglobal.store/order/133516,קומדיה רביעי בערב,21362
131869,269,"269 (ישראל 2026 )
 בימוי: קרן יחזקאלי גולדשטיין ונועם סטולרמן
 269
 Dir: Keren Yehezkeli Goldstein and Noam Stolerman
 לאחר שביצע אקט מחאה פומבי מזעזע, סשה מקים את תנועת ""269"" לשחרור בעלי חיים, שהופכת לכוח אקטיביסטי משפיע בישראל. הוא פוגש במריה, שחווה כמותו את תחושת הזרות בלב החברה הישראלית, והניכור המשותף מזין זוגיות אקטיביסטית סוערת. התנועה שהם מנהיגים יחד חוצה גבולות והופכת לסמל בינלאומי, אך ככל שהלהבות שהציתו מתפשטות ומעוררות השראה באלפים, הם מגלים שהדבקות במטרה אינה חסינה מפני המחיר האישי של החיים בתוך המאבק.
 82 דקות, תרגום עברית",45.00 ILS,https://www.cinema.co.il/wp-content/uploads/2026/08/269.jpg,https://www.cinema.co.il/event/269/,Cinematheque Tel Aviv,Cinematheque Tel Aviv,active,Other,2026-09-16,אולם 4,,20260916,9,16.09.2026 19:00,אולם 4,https://cintlv.presglobal.store/order/131869,במראה הישראלית,21175
132651,יתום טרום בכורה,"יתום (הונגריה/ בריטניה/ גרמניה/ צרפת 2025)
בימוי: לסלו נמש
משחק: בויטוריאן ברבש, אנדראה וסקוביץ, גרגורי גדבואה, אליז סאבו
ORPHAN
Dir: László Nemes
השנה היא 1957. בודפשט בהריסות לאחר ניסיון ההתקוממות נגד המשטר הקומוניסטי, ועולמו של נער יהודי צעיר בשם אנדור הירש מתהפך על פיו. אנדור גדל על סיפורים מעוררי השראה שסיפרה לו אמו על אביו המנוח, והוא נדהם כאשר גבר גס רוח ואלים למראה מופיע יום אחד בחייהם וטוען כי הוא אביו האמיתי. הבמאי זוכה האוסקר לאסלו נמש כתב את התסריט בהשראת זיכרונות ילדות של אביו, ומגיש דרמה מרגשת שהיא בו בזמן סיפור התבגרות על נער המחפש את דרכו בעולם משתנה ודיוקן יפהפה של הישרדות כנגד כל הסיכויים.
132 דקות, הונגרית, תרגום לעברית
טרום בכורה באדיבות קולנוע חדש בע""מ",45.00 ILS,https://www.cinema.co.il/wp-content/uploads/2026/08/%D7%99%D7%AA%D7%95%D7%9D.jpg,https://www.cinema.co.il/event/%d7%99%d7%aa%d7%95%d7%9d-%d7%98%d7%a8%d7%95%d7%9d-%d7%91%d7%9b%d7%95%d7%a8%d7%94/,Cinematheque Tel Aviv,Cinematheque Tel Aviv,active,Other,2026-09-16,אולם 3,,20260916,9,16.09.2026 20:45,אולם 3,https://cintlv.presglobal.store/order/132651,,21262
133703,מה שמריאל יודעת,"מה שמריאל יודעת (גרמניה 2025)
בימוי: פרדריק האמבלק
משחק: ג'וליה ג'נטש, פליקס קריימר, לאני גריזלר, מחמט אצקי, מוריץ טרונפלס
WHAT MARIELLE KNOWS
Dir: Frederic Hambalek
מריאל מפתחת בן לילה יכולת לראות ולשמוע כל מה שהוריה, יוליה וטוביאס, רואים, חושבים ועושים. ההורים מתקשים להתמודד עם היכולת הטלפתית של בתם ועם התעקשותה לחשוף את השקרים הקטנים והעמדות הפנים שעוזרות להם (ולכולנו) לצלוח את החיים. עד מהרה, הם מוצאים עצמם בסחרור מניפולטיבי, אבסורדי, עם תוצאות לא צפויות. ""מה שמריאל יודעת"" - דרמה מושחזת, מקורית ומעוררת מחשבה - מגיעה לחיפה מן הבכורה במסגרת התחרות בפסטיבל ברלין. הסרט מקלף את המעטפת המושלמת של זוג מבוסס ולוקח אותנו למסע אינטליגנטי וקומי אל לבה השברירי של הבורגנות האירופאית.
טריילר - https://www.youtube.com/watch?v=8cGtU2aY2zw&ab_channel=DCM
86 דקות, גרמנית, צרפתית. תרגום לעברית ואנגלית",45.00 ILS,https://www.cinema.co.il/wp-content/uploads/2026/04/%D7%9E%D7%94-%D7%A9%D7%9E%D7%A8%D7%99%D7%90%D7%9C-%D7%99%D7%95%D7%93%D7%A2%D7%AA.jpg,https://www.cinema.co.il/event/%d7%9e%d7%94-%d7%a9%d7%9e%d7%a8%d7%99%d7%90%d7%9c-%d7%99%d7%95%d7%93%d7%a2%d7%aa/,Cinematheque Tel Aviv,Cinematheque Tel Aviv,active,Other,2026-09-17,אולם 4,,20260917,10,17.09.2026 16:00,אולם 4,https://cintlv.presglobal.store/order/133703,,21283
133705,סיפורים קרועים,"סיפורים קרועים (ספרד/ארגנטינה 2025)
בימוי: מריאנו כהן, גסטון דופראט
משחק: גילרמו פרנצ'לה, אורורה קוואטרוקי, אווה דה דומיניצ'י, גילרמו ארנגו, ז'ורז' באריל
HOMO ARGENTUM
Dir: Mariano Cohn, Gaston Duprat
קומדיה שחורה פרועה, מושחזת ומצחיקה עד דמעות, שהפכה ללהיט קופתי גדול. בהשראת הקומדיות האיטלקיות הקלאסיות של שנות ה-60 וה-70, הסרט משלב הומור שנון עם מבט חד על טבע האדם. באמצעות פסיפס של סיפורים קצרים, אירוניים ולעיתים אבסורדיים, הוא בוחן את השיגעונות, ההרגלים והמוזרויות שמעצבים את חיי היום-יום שלנו – ממערכות יחסים, אהבה ומשפחה ועד לעולם העבודה המנוכר. התוצאה היא דיוקן משעשע ונוקב של החברה העכשווית, כזה שמעורר צחוק גדול, אך גם מחשבות על מי שאנחנו ועל הדרך בה אנו חיים. השחקן המוערך גיירמו פרנצ'לה מוביל את הסרט בתצוגת משחק וירטואוזית ונוגעת ללב, כשהוא מגלם שורה של דמויות שונות, קיצוניות ומשעשעות.
98 דקות, ספרדית, תרגום לעברית ואנגלית
טרום בכורה באדיבות קולנוע חדש בע""מ

טרום בכורה באדיבות קולנוע",45.00 ILS,https://www.cinema.co.il/wp-content/uploads/2026/08/%D7%A1%D7%99%D7%A4%D7%95%D7%A8%D7%99%D7%9D-%D7%A7%D7%A8%D7%95%D7%A2%D7%99%D7%9D-1.jpg,https://www.cinema.co.il/event/%d7%a1%d7%99%d7%a4%d7%95%d7%a8%d7%99%d7%9d-%d7%a7%d7%a8%d7%95%d7%a2%d7%99%d7%9d/,Cinematheque Tel Aviv,Cinematheque Tel Aviv,active,Other,2026-09-17,אולם 3,,20260917,10,17.09.2026 17:00,אולם 3,https://cintlv.presglobal.store/order/133705,,20976
132930,הקשת הגדולה,"הקשת הגדולה (צרפת/ דנמרק 2025)
בימוי: סטפן דמוטייה
משחק: קלאס בנג, סיסה בבט קנודסן, קסבייה דולן, סוואן ארלו
THE GREAT ARCH
Dir: Stephane Demoustier
פריז, 1983. נשיא צרפת, פרנסואה מיטראן, יוצא ביוזמה שאפתנית: מכרז בינלאומי להקמת מונומנט מודרני בלב רובע העסקים לה־דפאנס - סמל לעידן חדש בצרפת ובאירופה כולה. מאות מהאדריכלים הגדולים בעולם מגישים הצעות, אך להפתעת כולם דווקא אדריכל דני אלמוני בשם אוטו פון־ספרקלסן זוכה במכרז. הוא מגיע מיד לפריז חדור חזון ורעיונות גדולים, מוכן להתחיל במלאכה, אבל כשהחלום פוגש במציאות מגלה פון־ספרקלסן שהפערים בין השרטוטים על הנייר למציאות בפועל - כמעט בלתי ניתנים לגישור... ""הקשת הגדולה"", בכיכובו של קלאס באנג (""הריבוע""), מבוסס על הסיפור האמיתי שמאחורי המונומנט המודרני האיקוני של פריז, אבל זהו קודם כל סיפור על אדם בלתי מתפשר עם כישרון יוצא דופן, שיעשה הכול בשביל להגשים חלום.
104 דקות, צרפתית ודנית, תרגום לעברית ואנגלית",45.00 ILS,https://www.cinema.co.il/wp-content/uploads/2025/12/%D7%94%D7%A7%D7%A9%D7%AA-%D7%94%D7%92%D7%93%D7%95%D7%9C%D7%94.jpg,https://www.cinema.co.il/event/%d7%94%d7%a7%d7%a9%d7%aa-%d7%94%d7%92%d7%93%d7%95%d7%9c%d7%94/,Cinematheque Tel Aviv,Cinematheque Tel Aviv,active,Other,2026-09-17,אולם 3,,20260917,10,17.09.2026 19:15,אולם 3,https://cintlv.presglobal.store/order/132930,"ארכיטקטורה בזמן: מבנים, ערים וחלומות בקולנוע",20090
132993,מלהולנד דרייב,"מלהולנד דרייב | Mulholland Drive בעיני מבקרים רבים זה הסרט הטוב ביותר שנעשה מאז תחילת המילניום. הזוי, מטורף, מפחיד ומהפנט כפי שרק לינץ' יודע לעשות. במרכז הסרט (שחוגג 20 שנה!) שתי נשים. בטי הבלונדינית מגיע להוליווד מעיירה קנדית כדי להגשים את חלומה להפוך לשחקנית, ומתגוררת בינתיים בבית דודתה המפורסמת היוצאת לצילומים באירופה. צעירה שחורת שיער […]",45.00 ILS,https://www.cinema.co.il/wp-content/uploads/2019/07/%D7%9E%D7%9C%D7%94%D7%95%D7%9C%D7%A0%D7%93-%D7%93%D7%A8%D7%99%D7%99%D7%91.jpg,https://www.cinema.co.il/event/%d7%9e%d7%9c%d7%94%d7%95%d7%9c%d7%a0%d7%93-%d7%93%d7%a8%d7%99%d7%99%d7%91/,Cinematheque Tel Aviv,Cinematheque Tel Aviv,active,Other,2026-09-17,אולם 3,,20260917,10,17.09.2026 21:30,אולם 3,https://cintlv.presglobal.store/order/132993,לא מצונזר,4694
131761,269,"269 (ישראל 2026 )
 בימוי: קרן יחזקאלי גולדשטיין ונועם סטולרמן
 269
 Dir: Keren Yehezkeli Goldstein and Noam Stolerman
 לאחר שביצע אקט מחאה פומבי מזעזע, סשה מקים את תנועת ""269"" לשחרור בעלי חיים, שהופכת לכוח אקטיביסטי משפיע בישראל. הוא פוגש במריה, שחווה כמותו את תחושת הזרות בלב החברה הישראלית, והניכור המשותף מזין זוגיות אקטיביסטית סוערת. התנועה שהם מנהיגים יחד חוצה גבולות והופכת לסמל בינלאומי, אך ככל שהלהבות שהציתו מתפשטות ומעוררות השראה באלפים, הם מגלים שהדבקות במטרה אינה חסינה מפני המחיר האישי של החיים בתוך המאבק.
 82 דקות, תרגום עברית",45.00 ILS,https://www.cinema.co.il/wp-content/uploads/2026/08/269.jpg,https://www.cinema.co.il/event/269/,Cinematheque Tel Aviv,Cinematheque Tel Aviv,active,Other,2026-09-18,אולם 4,,20260918,11,18.09.2026 10:00,אולם 4,https://cintlv.presglobal.store/order/131761,במראה הישראלית,21175
133814,המשפחה האיטלקית שלי,"המשפחה האיטלקית שלי (איטליה 2025)
בימוי: ג'יאני די גריגוריו
משחק: ג'יאני די גריגוריו, גרטה סקראנו, אלסנדרו בדטי
COME TI MUOVI SBAGLI
Dir: Gianni Di Gregorio
פרופסור בדימוס מנהל חיים שלוים ונעימים – פנסיה נאה, חברים קבועים, ארוחות ויין טוב; אלא שהשקט מתפוגג בן-לילה כשבתו נוחתת בביתו עם שני ילדיה הסוערים ונישואים על סף פירוק. על רקע רחובות רומא הציוריים, הכיכרות ובתי הקפה הקטנים, נפרש בלגן משפחתי מצחיק - סיפור על דור ההורים שנאלץ ללמוד מחדש מהי משפחה, אחריות וסבלנות – ובעיקר איך לשרוד את הדור הבא.
ג’אני די גרגוריו, במאי הלהיטים ""ארוחות אמצע אוגוסט"", ""טעם החיים"" ו""צ'או איטליה"", חוזר עם קומדיה איטלקית חכמה וחמה על אהבה, הורות מאוחרת, וקסם החיים כשהכול משתבש בדיוק בזמן הנכון.
97 דקות, איטלקית, תרגום לעברית ואנגלית",45.00 ILS,https://www.cinema.co.il/wp-content/uploads/2025/11/%D7%94%D7%9E%D7%A9%D7%A4%D7%97%D7%94-%D7%94%D7%90%D7%99%D7%98%D7%9C%D7%A7%D7%99%D7%AA-%D7%A9%D7%9C%D7%99.jpg,https://www.cinema.co.il/event/%d7%94%d7%9e%d7%a9%d7%a4%d7%97%d7%94-%d7%94%d7%90%d7%99%d7%98%d7%9c%d7%a7%d7%99%d7%aa-%d7%a9%d7%9c%d7%99/,Cinematheque Tel Aviv,Cinematheque Tel Aviv,active,Other,2026-09-18,אולם 3,,20260918,11,18.09.2026 10:30,אולם 3,https://cintlv.presglobal.store/order/133814,,20134
132670,סגל חסר - נבחרי דוקאביב,"סגל חסר (ישראל 2026)
בימוי: אבידע ליבני
SAVED BY THE BALL
 Dir: Avida Livny
אף שהתפזרו ברחבי הארץ, אף שאיבדו חברים ומשפחה, אף שחבריהם נחטפו לעזה – כמה ימים אחרי ה-7.10 החליטו שחקני קבוצת הכדורגל ""שועלי כפר עזה"", ששרדו את היום הנורא, להמשיך ולשחק כדורגל. הם הבינו שהמסגרת, הרדיפה אחר הכדור המתגלגל והריבים עם השופט ישמרו עליהם, גם אם זה רק לתשעים דקות. כשהגיעה ההצעה לחזור ולשחק בטורניר של קיבוצי העוטף הם לא ידעו במה לבחור – האם נכון לשחק ""לזכר"" (הנרצחים) ו""למען"" (החטופים) או לסרב לחזור לשגרה?

96 דקות, עברית",45.00 ILS,https://www.cinema.co.il/wp-content/uploads/2026/05/%D7%A1%D7%92%D7%9C-%D7%97%D7%A1%D7%A8.jpg,https://www.cinema.co.il/event/%d7%a1%d7%92%d7%9c-%d7%97%d7%a1%d7%a8-%d7%a0%d7%91%d7%97%d7%a8%d7%99-%d7%93%d7%95%d7%a7%d7%90%d7%91%d7%99%d7%91/,Cinematheque Tel Aviv,Cinematheque Tel Aviv,active,Other,2026-09-18,אולם 4,,20260918,11,18.09.2026 12:00,אולם 4,https://cintlv.presglobal.store/order/132670,במראה הישראלית ; נבחרי דוקאביב 2026,21266
133132,הברוטליסט סינמטק,"הברוטליסט (ארה""ב/ בריטניה 2024)
בימוי: בריידי קורבט
משחק: אדריאן ברודי, פליסיטי ג'ונס, גאי פירס, אלסנדרו ניבולה
THE BRUTALIST
Dir: Brady Corbet
זוכה פרס הבימוי בפסטיבל ונציה, ""הברוטליסט"" הוא אפוס היסטורי מונומנטאלי בבימויו של בריידי קורבט ובכיכובם של זוכה האוסקר אדריאן ברודי, פליסיטי ג'ונס וגיא פירס. הסרט מתאר את מסעו של האדריכל היהודי יליד הונגריה לסלו טו (ברודי), שהיגר לארה""ב אחרי המלחמה ללא כול. בדרך מקרה הוא זוכה לנהל פרויקט אדריכלי אדיר שישנה את מהלך חיו ב-30 השנים הבאות. סרט מפעים ומסעיר, שבוחן מחדש את החלום האמריקאי והשיטה הקפיטליסטית מבעד לעיניו של ניצול שואה שבחר באמריקה על פני המדינה היהודית שהוקמה במקביל בארץ ישראל. הזוכה בפרס גלובוס הזהב לסרט הטוב 2024.
215 דקות, אנגלית, הונגרית, יידיש, עברית, איטלקית, תרגום לעברית",45.00 ILS,https://www.cinema.co.il/wp-content/uploads/2023/06/logo.png,https://cintlv.presglobal.store/order/133132,Cinematheque Tel Aviv,Cinematheque Tel Aviv,active,Other,2026-09-18,אולם 3,,20260918,11,18.09.2026 12:30,אולם 3,https://cintlv.presglobal.store/order/133132,ארכיטקטורה וקולנוע,17286
133118,רובין הוד I מדובב I פופים,"שם מקורי: Robin Hood

בימוי: וולפגנג רייטרמן
דיבוב: עפרון אטקין, דני ליטני, חני נחמיאב
גרסה מונפשת, מצחיקה ומסעירה של אולפני דיסני לסיפור המפורסם על גיבור העם האנגלי. הפעם רובין הוד הוא שועל ערמומי וטוב לב, שמבקש לעזור לשאר חיות היער העניות, זאת על ידי גניבה מהאצולה הרהבתנית והלא נחמדה. במהרה הוא הופך לאויב מספר אחת של חצר המלוכה, אבל למרבה המזל הוא חכם ומוכשר יותר. כאשר לתמונה נכנסת העלמה מריאן יפת התואר, רובין הוד מבין שיש לו עוד דבר אחד חשוב לגנוב – את ליבה.

83 דק'",45.00 ILS,https://www.cinema.co.il/wp-content/uploads/2023/06/logo.png,https://cintlv.presglobal.store/order/133118,Cinematheque Tel Aviv,Cinematheque Tel Aviv,active,Other,2026-09-18,אולם 6,,20260918,11,18.09.2026 13:00,אולם 6,https://cintlv.presglobal.store/order/133118,,16839
133810,בחזרה מהימלאיה,"בחזרה מההימלאיה (ספרד 2024)
בימוי: סלבדור קאלבו
משחק: מיגל הראן, סוסנה אבאיטואה, אלכסנדרה מסנגקאיי
Valley of Shadows
Dir: Salvador Calvo
קיקה, קלרה ובנה לוקאס יוצאים לחופשה בצפון הודו. במהלך לילה סוער, תקרית דרמטית מפרידה ביניהם וקיקה מחולץ כשהוא פצוע ומובל אל כפר מבודד למרגלות ההימלאיה. שם, למול היופי הבלתי נתפס, קיקה מתאושש בהדרגה ולומד את אורח חייהם הייחודי של בני השבט – את המסורות, האמונות והקשר העמוק לטבע. תהליך ההחלמה הופך למסע פנימי של גילוי עצמי וגאולה, עד שלבסוף, קיקה מתחזק ומסוגל לצאת לדרך ולתפוס חזרה את מקומו בעולם, כשהוא כבר אינו אותו אדם.
120 דקות, ספרדית בתרגום לעברית ולאנגלית..",45.00 ILS,https://www.cinema.co.il/wp-content/uploads/2025/10/%D7%91%D7%97%D7%96%D7%A8%D7%94-%D7%9E%D7%94%D7%94%D7%99%D7%9E%D7%9C%D7%90%D7%99%D7%94.jpg,https://www.cinema.co.il/event/%d7%91%d7%97%d7%96%d7%a8%d7%94-%d7%9e%d7%94%d7%94%d7%99%d7%9e%d7%9c%d7%90%d7%99%d7%94/,Cinematheque Tel Aviv,Cinematheque Tel Aviv,active,Other,2026-09-18,אולם 4,,20260918,11,18.09.2026 14:30,אולם 4,https://cintlv.presglobal.store/order/133810,,21166
133812,סיפורים קרועים,"סיפורים קרועים (ספרד/ארגנטינה 2025)
בימוי: מריאנו כהן, גסטון דופראט
משחק: גילרמו פרנצ'לה, אורורה קוואטרוקי, אווה דה דומיניצ'י, גילרמו ארנגו, ז'ורז' באריל
HOMO ARGENTUM
Dir: Mariano Cohn, Gaston Duprat
קומדיה שחורה פרועה, מושחזת ומצחיקה עד דמעות, שהפכה ללהיט קופתי גדול. בהשראת הקומדיות האיטלקיות הקלאסיות של שנות ה-60 וה-70, הסרט משלב הומור שנון עם מבט חד על טבע האדם. באמצעות פסיפס של סיפורים קצרים, אירוניים ולעיתים אבסורדיים, הוא בוחן את השיגעונות, ההרגלים והמוזרויות שמעצבים את חיי היום-יום שלנו – ממערכות יחסים, אהבה ומשפחה ועד לעולם העבודה המנוכר. התוצאה היא דיוקן משעשע ונוקב של החברה העכשווית, כזה שמעורר צחוק גדול, אך גם מחשבות על מי שאנחנו ועל הדרך בה אנו חיים. השחקן המוערך גיירמו פרנצ'לה מוביל את הסרט בתצוגת משחק וירטואוזית ונוגעת ללב, כשהוא מגלם שורה של דמויות שונות, קיצוניות ומשעשעות.
98 דקות, ספרדית, תרגום לעברית ואנגלית
טרום בכורה באדיבות קולנוע חדש בע""מ

טרום בכורה באדיבות קולנוע",45.00 ILS,https://www.cinema.co.il/wp-content/uploads/2026/08/%D7%A1%D7%99%D7%A4%D7%95%D7%A8%D7%99%D7%9D-%D7%A7%D7%A8%D7%95%D7%A2%D7%99%D7%9D-1.jpg,https://www.cinema.co.il/event/%d7%a1%d7%99%d7%a4%d7%95%d7%a8%d7%99%d7%9d-%d7%a7%d7%a8%d7%95%d7%a2%d7%99%d7%9d/,Cinematheque Tel Aviv,Cinematheque Tel Aviv,active,Other,2026-09-18,אולם 3,,20260918,11,18.09.2026 17:00,אולם 3,https://cintlv.presglobal.store/order/133812,,20976
133811,ערך סנטימנטלי,"ערך סנטימנטלי (נורבגיה/ גרמניה/ דנמרק/ צרפת/ שוודיה 2025 )
בימוי: יואכים טרייר
משחק: רנטה ריינסב, סטלן סקארסגארד, אל פאנינג
SENTIMENTAL VALUE
Dir: Joachim Trier 
הבמאי עטור הפרסים יואכים טרייר מתאחד עם רנטה ריינסב (""האדם הגרוע בעולם"") לדרמה מרגשת שהדהימה את פסטיבל קאן וגרפה את הפרס הגדול. לאחר מות אִמה של נורה חוזר לחייה אביה גוסטב (סטלן סקארסגארד), במאי קולנוע מפורסם, ובאמתחתו הצעה: הוא מעוניין שהיא תגלם את התפקיד הראשי ביצירה אוטוביוגרפית חדשה שעליה הוא עובד. נורה מסרבת, והתפקיד נמסר לשחקנית אמריקאית מבטיחה (אל פאנינג), שמשנה את מסלול הסרט. בין היעדרותה של האם האהובה, שובו של האב והעבודה על הסרט, נורה ואחותה אגנס מנסות לגשש את דרכן במבוך של רגשות סותרים ושאיפה לפתוח פרק חדש בחייהן.
132 דקות, נורבגית ואנגלית, תרגום לעברית ואנגלית",45.00 ILS,https://www.cinema.co.il/wp-content/uploads/2026/01/%D7%A2%D7%A8%D7%9A-%D7%A1%D7%A0%D7%98%D7%99%D7%9E%D7%A0%D7%98%D7%9C%D7%99.jpg,https://www.cinema.co.il/event/%d7%a2%d7%a8%d7%9a-%d7%a1%d7%a0%d7%98%d7%99%d7%9e%d7%a0%d7%98%d7%9c%d7%99/,Cinematheque Tel Aviv,Cinematheque Tel Aviv,active,Other,2026-09-18,אולם 4,,20260918,11,18.09.2026 18:15,אולם 4,https://cintlv.presglobal.store/order/133811,,19840
133813,מה שמריאל יודעת,"מה שמריאל יודעת (גרמניה 2025)
בימוי: פרדריק האמבלק
משחק: ג'וליה ג'נטש, פליקס קריימר, לאני גריזלר, מחמט אצקי, מוריץ טרונפלס
WHAT MARIELLE KNOWS
Dir: Frederic Hambalek
מריאל מפתחת בן לילה יכולת לראות ולשמוע כל מה שהוריה, יוליה וטוביאס, רואים, חושבים ועושים. ההורים מתקשים להתמודד עם היכולת הטלפתית של בתם ועם התעקשותה לחשוף את השקרים הקטנים והעמדות הפנים שעוזרות להם (ולכולנו) לצלוח את החיים. עד מהרה, הם מוצאים עצמם בסחרור מניפולטיבי, אבסורדי, עם תוצאות לא צפויות. ""מה שמריאל יודעת"" - דרמה מושחזת, מקורית ומעוררת מחשבה - מגיעה לחיפה מן הבכורה במסגרת התחרות בפסטיבל ברלין. הסרט מקלף את המעטפת המושלמת של זוג מבוסס ולוקח אותנו למסע אינטליגנטי וקומי אל לבה השברירי של הבורגנות האירופאית.
טריילר - https://www.youtube.com/watch?v=8cGtU2aY2zw&ab_channel=DCM
86 דקות, גרמנית, צרפתית. תרגום לעברית ואנגלית",45.00 ILS,https://www.cinema.co.il/wp-content/uploads/2026/04/%D7%9E%D7%94-%D7%A9%D7%9E%D7%A8%D7%99%D7%90%D7%9C-%D7%99%D7%95%D7%93%D7%A2%D7%AA.jpg,https://www.cinema.co.il/event/%d7%9e%d7%94-%d7%a9%d7%9e%d7%a8%d7%99%d7%90%d7%9c-%d7%99%d7%95%d7%93%d7%a2%d7%aa/,Cinematheque Tel Aviv,Cinematheque Tel Aviv,active,Other,2026-09-18,אולם 3,,20260918,11,18.09.2026 19:15,אולם 3,https://cintlv.presglobal.store/order/133813,,21283
132955,אפטר בסינמטק | המפגש,"המפגש (ארה""ב 2016)
בימוי: דניס וילנב
משחק: איימי אדמס, ג'רמי רנר, מייקל סטולברג, פורסט וויטקר
ARRIVAL
Dir: Denis Villeneuve

סרטו של דניס וילנב (""אסירים"", ""סיקריו"") מבוסס על הסיפור הקצר ""סיפורי חייך"" של טד צ'יאנג. כשחלליות מסתוריות נוחתות לפתע במספר נקודות על כדור הארץ, נשלחת קבוצת מדענים וביניהם חוקרת השפה לואיז בנקס לחקור את העצמים הבלתי מזוהים. הנחיתה מביאה את אוכלוסיית כדור הארץ – שלא בטוחה איך להתמודד עם המפגש – אל סיפה של מלחמת עולם, ובנקס והצוות מוצאים את עצמם במירוץ נגד הזמן למציאת תשובות.
(116 דקות, אנגלית, תרגום לעברית)((116 min., Eng., Heb. Sub",45.00 ILS,https://www.cinema.co.il/wp-content/uploads/2025/01/%D7%94%D7%9E%D7%A4%D7%92%D7%A9.jpg,https://www.cinema.co.il/event/%d7%90%d7%a4%d7%98%d7%a8-%d7%91%d7%a1%d7%99%d7%a0%d7%9e%d7%98%d7%a7-%d7%94%d7%9e%d7%a4%d7%92%d7%a9/,Cinematheque Tel Aviv,Cinematheque Tel Aviv,active,Other,2026-09-18,אולם 4,,20260918,11,18.09.2026 21:00,אולם 4,https://cintlv.presglobal.store/order/132955,אפטר בסינמטק תל אביב!,21309
132931,הקשת הגדולה,"הקשת הגדולה (צרפת/ דנמרק 2025)
בימוי: סטפן דמוטייה
משחק: קלאס בנג, סיסה בבט קנודסן, קסבייה דולן, סוואן ארלו
THE GREAT ARCH
Dir: Stephane Demoustier
פריז, 1983. נשיא צרפת, פרנסואה מיטראן, יוצא ביוזמה שאפתנית: מכרז בינלאומי להקמת מונומנט מודרני בלב רובע העסקים לה־דפאנס - סמל לעידן חדש בצרפת ובאירופה כולה. מאות מהאדריכלים הגדולים בעולם מגישים הצעות, אך להפתעת כולם דווקא אדריכל דני אלמוני בשם אוטו פון־ספרקלסן זוכה במכרז. הוא מגיע מיד לפריז חדור חזון ורעיונות גדולים, מוכן להתחיל במלאכה, אבל כשהחלום פוגש במציאות מגלה פון־ספרקלסן שהפערים בין השרטוטים על הנייר למציאות בפועל - כמעט בלתי ניתנים לגישור... ""הקשת הגדולה"", בכיכובו של קלאס באנג (""הריבוע""), מבוסס על הסיפור האמיתי שמאחורי המונומנט המודרני האיקוני של פריז, אבל זהו קודם כל סיפור על אדם בלתי מתפשר עם כישרון יוצא דופן, שיעשה הכול בשביל להגשים חלום.
104 דקות, צרפתית ודנית, תרגום לעברית ואנגלית",45.00 ILS,https://www.cinema.co.il/wp-content/uploads/2025/12/%D7%94%D7%A7%D7%A9%D7%AA-%D7%94%D7%92%D7%93%D7%95%D7%9C%D7%94.jpg,https://www.cinema.co.il/event/%d7%94%d7%a7%d7%a9%d7%aa-%d7%94%d7%92%d7%93%d7%95%d7%9c%d7%94/,Cinematheque Tel Aviv,Cinematheque Tel Aviv,active,Other,2026-09-18,אולם 3,,20260918,11,18.09.2026 21:15,אולם 3,https://cintlv.presglobal.store/order/132931,"ארכיטקטורה בזמן: מבנים, ערים וחלומות בקולנוע",20090
133410,טרופותי וטרופותי הבת | מדובב,"טרופותי וטרופותי הבת I מדובב I 2-5
טרופותי 
סרט אנימציה על פי ספר הילדים רב המכר של ג'וליה דונלדסון, אחת מסופרות הילדים המוערכות והאהובות ביותר בבריטניה, בישראל ובעולם כולו, ועל פי איוריו של המאייר הבריטי הנודע אקסל שפלר. עכבר קטן מהלך לו ביער להנאתו. כל מיני בעלי חיים אחרים רוצים לאכול את העכבר הקטן והעסיסי, אבל העכבר מוצא דרך מתוחכמת להבריח את כולם.
טרופתי הבת 

הוא ענק, הוא חזק, הוא שרירי ומגודל, וזנב הקשקשים שלו ארוך ומפותל. עיניו הנוראות בוערות כלהבות, וקצות שפמו הנוראי חדים כחרבות. כך מתאר טרופותי לבתו הקטנה את העכבר הגדול והנורא. אבל בלילה חורף סוער מתעלמת טרופותי הבת מהאזהרות של אביה ויוצאת לחפש את היצור המפחיד. הרי הוא לא באמת קיים... ואולי כן?",33.00 ILS,https://www.cinema.co.il/wp-content/uploads/2023/06/logo.png,https://cintlv.presglobal.store/order/133410,Cinematheque Tel Aviv,Cinematheque Tel Aviv,active,Other,2026-09-19,אולם 4,,20260919,12,19.09.2026 11:00,אולם 4,https://cintlv.presglobal.store/order/133410,,10865
133617,לוני טונס מציגים: קיוטי נגד אקמי | מדובב,"אחרי ששבר את התעשיה והפך לאחד הסרטים המצופים של התקופה, הסרט המצחיק ביותר של השנה (בהתחייבות!) מגיע לקולנוע: הלוני טון וויילי קאיוטי תובע את תאגיד ACME על אספקת מוצרים פגומים ומתפוצצים במשך שנים. עם וויל פורטה בתפקיד התובע, באגס באני בתפקיד מקור מסתורי, מיפ מיפ בתפקיד עצמו, והופעה קורעת של ג'ון סינה כעורך הדין התאגידי החלקלק. סאטירה חכמה, טיפשית, שנונה, קצבית, ואולי מתפוצצת. שמתאימה באמת, אבל ב ב באמת, לכל הגילאים.",45.00 ILS,https://www.cinema.co.il/wp-content/uploads/2026/08/%D7%A7%D7%99%D7%95%D7%98%D7%99-%D7%A0%D7%92%D7%93-%D7%90%D7%A7%D7%9E%D7%99.jpg,https://www.cinema.co.il/event/%d7%9c%d7%95%d7%a0%d7%99-%d7%98%d7%95%d7%a0%d7%a1-%d7%9e%d7%a6%d7%99%d7%92%d7%99%d7%9d-%d7%a7%d7%99%d7%95%d7%98%d7%99-%d7%a0%d7%92%d7%93-%d7%90%d7%a7%d7%9e%d7%99-%d7%9e%d7%93%d7%95%d7%91%d7%91-2/,Cinematheque Tel Aviv,Cinematheque Tel Aviv,active,Other,2026-09-19,אולם 3,,20260919,12,19.09.2026 11:00,אולם 3,https://cintlv.presglobal.store/order/133617,המרכז למשפחה,21373
133119,רובין הוד I מדובב I פופים,"שם מקורי: Robin Hood

בימוי: וולפגנג רייטרמן
דיבוב: עפרון אטקין, דני ליטני, חני נחמיאב
גרסה מונפשת, מצחיקה ומסעירה של אולפני דיסני לסיפור המפורסם על גיבור העם האנגלי. הפעם רובין הוד הוא שועל ערמומי וטוב לב, שמבקש לעזור לשאר חיות היער העניות, זאת על ידי גניבה מהאצולה הרהבתנית והלא נחמדה. במהרה הוא הופך לאויב מספר אחת של חצר המלוכה, אבל למרבה המזל הוא חכם ומוכשר יותר. כאשר לתמונה נכנסת העלמה מריאן יפת התואר, רובין הוד מבין שיש לו עוד דבר אחד חשוב לגנוב – את ליבה.

83 דק'",45.00 ILS,https://www.cinema.co.il/wp-content/uploads/2023/06/logo.png,https://cintlv.presglobal.store/order/133119,Cinematheque Tel Aviv,Cinematheque Tel Aviv,active,Other,2026-09-19,אולם 6,,20260919,12,19.09.2026 11:30,אולם 6,https://cintlv.presglobal.store/order/133119,,16839
132076,269,"269 (ישראל 2026 )
 בימוי: קרן יחזקאלי גולדשטיין ונועם סטולרמן
 269
 Dir: Keren Yehezkeli Goldstein and Noam Stolerman
 לאחר שביצע אקט מחאה פומבי מזעזע, סשה מקים את תנועת ""269"" לשחרור בעלי חיים, שהופכת לכוח אקטיביסטי משפיע בישראל. הוא פוגש במריה, שחווה כמותו את תחושת הזרות בלב החברה הישראלית, והניכור המשותף מזין זוגיות אקטיביסטית סוערת. התנועה שהם מנהיגים יחד חוצה גבולות והופכת לסמל בינלאומי, אך ככל שהלהבות שהציתו מתפשטות ומעוררות השראה באלפים, הם מגלים שהדבקות במטרה אינה חסינה מפני המחיר האישי של החיים בתוך המאבק.
 82 דקות, תרגום עברית",45.00 ILS,https://www.cinema.co.il/wp-content/uploads/2026/08/269.jpg,https://www.cinema.co.il/event/269/,Cinematheque Tel Aviv,Cinematheque Tel Aviv,active,Other,2026-09-19,אולם 4,,20260919,12,19.09.2026 12:30,אולם 4,https://cintlv.presglobal.store/order/132076,במראה הישראלית,21175
132463,קטיפה כחולה,"קטיפה כחולה | Blue Velvet סרטו הרביעי של לינץ' הציב אותו בשורה הראשונה של במאי הקולנוע בעולם, שם הוא נמצא עד היום. צעיר החוזר מקולג' לבקר את אביו המאושפז בבית חולים מוצא אוזן אדם כרותה ורוחשת נמלים. הוא מביאה לתחנת המשטרה ויחד עם בתו של הבלש הוא מצליח להגיע לזמרת בארים המקיימת פרשיית אהבים חולנית […]",45.00 ILS,https://www.cinema.co.il/wp-content/uploads/2019/07/%D7%A7%D7%98%D7%99%D7%A4%D7%94-%D7%9B%D7%97%D7%95%D7%9C%D7%94.jpg,https://www.cinema.co.il/event/%d7%a7%d7%98%d7%99%d7%a4%d7%94-%d7%9b%d7%97%d7%95%d7%9c%d7%94/,Cinematheque Tel Aviv,Cinematheque Tel Aviv,active,Other,2026-09-19,אולם 3,,20260919,12,19.09.2026 13:30,אולם 3,https://cintlv.presglobal.store/order/132463,נאו נואר,4689
132622,היורד למעלה,"היורד למעלה (ישראל 2015)
בימוי: אלעד קידן
משחק: אורי קלאוזנר, איתי טיראן, מיכאלה עשת, אוהד שחר, שושיק שני
AFTERTHOUGHT
Dir: Elad Keidan
הקומדיה הקיומית של אלעד קידן מתרחשת בעיר חיפה, שמתפקדת כאחת משלושת גיבורי הסרט. בני זוג בביתם, בעיר התחתית. האשה איבדה עגיל, הגבר מתנדב לטפס במעלה הכרמל בניסיון למצוא אותו במקום שבו כנראה אבד. במקביל, במעלה ההר, אמן ישראלי צעיר שהבריז משירות מילואים יורד לכיוון הנמל, שם הוא עתיד לעלות על ספינה שתיקח אותו הרחק ממולדתו. שני הגברים, זה שעולה וזה שיורד, נתקלים בדרכם בשלל דמויות וחווים גילויים שמשפיעים על עולמם. מעל הכל מרחפת האפשרות שבדרך הם ייפגשו. ""היורד למעלה"" השתתף בפסטיבל קאן כחלק מהבחירה הרשמית, זכה בפרס לסרט הטוב ביותר בפסטיבל חיפה ובשלושה פרסי אופיר – פרס התסריט הטוב ביותר (קידן), פרס הסאונד (ויטלי גרינשפון ואביב אלדמע) ופרס העריכה (אריק להב־ליבוביץ).

1105 דקות, עברית",45.00 ILS,https://www.cinema.co.il/wp-content/uploads/2026/08/%D7%94%D7%99%D7%95%D7%A8%D7%93-%D7%9C%D7%9E%D7%A2%D7%9C%D7%94.jpg,https://www.cinema.co.il/event/%d7%94%d7%99%d7%95%d7%a8%d7%93-%d7%9c%d7%9e%d7%a2%d7%9c%d7%94/,Cinematheque Tel Aviv,Cinematheque Tel Aviv,active,Other,2026-09-19,אולם 4,,20260919,12,19.09.2026 14:30,אולם 4,https://cintlv.presglobal.store/order/132622,"ארכיטקטורה בזמן: מבנים, ערים וחלומות בקולנוע",21260
131865,מה שמריאל יודעת + הרצאה,"מה שמריאל יודעת (גרמניה 2025)
בימוי: פרדריק האמבלק
משחק: ג'וליה ג'נטש, פליקס קריימר, לאני גריזלר, מחמט אצקי, מוריץ טרונפלס
WHAT MARIELLE KNOWS
Dir: Frederic Hambalek
מריאל מפתחת בן לילה יכולת לראות ולשמוע כל מה שהוריה, יוליה וטוביאס, רואים, חושבים ועושים. ההורים מתקשים להתמודד עם היכולת הטלפתית של בתם ועם התעקשותה לחשוף את השקרים הקטנים והעמדות הפנים שעוזרות להם (ולכולנו) לצלוח את החיים. עד מהרה, הם מוצאים עצמם בסחרור מניפולטיבי, אבסורדי, עם תוצאות לא צפויות. ""מה שמריאל יודעת"" - דרמה מושחזת, מקורית ומעוררת מחשבה - מגיעה לחיפה מן הבכורה במסגרת התחרות בפסטיבל ברלין. הסרט מקלף את המעטפת המושלמת של זוג מבוסס ולוקח אותנו למסע אינטליגנטי וקומי אל לבה השברירי של הבורגנות האירופאית.
טריילר - https://www.youtube.com/watch?v=8cGtU2aY2zw&ab_channel=DCM
86 דקות, גרמנית, צרפתית. תרגום לעברית ואנגלית

לפני הסרט הרצאתו של אירי ריקין
""האם אי פעם נפסיק לשקר?""

כל האמת על כל השקרים הגדולים והקטנים שאנחנו ",65.00 ILS,https://www.cinema.co.il/wp-content/uploads/2026/04/%D7%9E%D7%94-%D7%A9%D7%9E%D7%A8%D7%99%D7%90%D7%9C-%D7%99%D7%95%D7%93%D7%A2%D7%AA.jpg,https://www.cinema.co.il/event/%d7%9e%d7%94-%d7%a9%d7%9e%d7%a8%d7%99%d7%90%d7%9c-%d7%99%d7%95%d7%93%d7%a2%d7%aa-%d7%94%d7%a8%d7%a6%d7%90%d7%94/,Cinematheque Tel Aviv,Cinematheque Tel Aviv,active,Other,2026-09-19,אולם 3,,20260919,12,19.09.2026 16:00,אולם 3,https://cintlv.presglobal.store/order/131865,יום הקולנוע הכללי,20347
133818,בחזרה מהימלאיה,"בחזרה מההימלאיה (ספרד 2024)
בימוי: סלבדור קאלבו
משחק: מיגל הראן, סוסנה אבאיטואה, אלכסנדרה מסנגקאיי
Valley of Shadows
Dir: Salvador Calvo
קיקה, קלרה ובנה לוקאס יוצאים לחופשה בצפון הודו. במהלך לילה סוער, תקרית דרמטית מפרידה ביניהם וקיקה מחולץ כשהוא פצוע ומובל אל כפר מבודד למרגלות ההימלאיה. שם, למול היופי הבלתי נתפס, קיקה מתאושש בהדרגה ולומד את אורח חייהם הייחודי של בני השבט – את המסורות, האמונות והקשר העמוק לטבע. תהליך ההחלמה הופך למסע פנימי של גילוי עצמי וגאולה, עד שלבסוף, קיקה מתחזק ומסוגל לצאת לדרך ולתפוס חזרה את מקומו בעולם, כשהוא כבר אינו אותו אדם.
120 דקות, ספרדית בתרגום לעברית ולאנגלית..",45.00 ILS,https://www.cinema.co.il/wp-content/uploads/2025/10/%D7%91%D7%97%D7%96%D7%A8%D7%94-%D7%9E%D7%94%D7%94%D7%99%D7%9E%D7%9C%D7%90%D7%99%D7%94.jpg,https://www.cinema.co.il/event/%d7%91%d7%97%d7%96%d7%a8%d7%94-%d7%9e%d7%94%d7%94%d7%99%d7%9e%d7%9c%d7%90%d7%99%d7%94/,Cinematheque Tel Aviv,Cinematheque Tel Aviv,active,Other,2026-09-19,אולם 4,,20260919,12,19.09.2026 16:45,אולם 4,https://cintlv.presglobal.store/order/133818,,21166
133471,כי את מכוערת סינמטק,"כי את מכוערת (ישראל 2025)
83 דק | עברית
בימוי: שרון אנגלהרט
שחקנים: ריקי רייף סיני, אורי אבינועם, יעל אבקסיס, יוסי מרשק, בן סולטן

רגע לפני שהיא נהפכת לקצינה בישראל, אביגיל, חיילת זועמת וחסרת ביטחון, חוזרת לדירה הקטנה והעמוסה בשכונת גילה בירושלים, שאותה היא חולקת עם אמה הבלתי מתפקדת ואחותה הקטנה והמלאכית. אביגיל מקווה להשיל מעליה את שלשלאות ילדותה האחרונות ולאבד את בתוליה במהלך סוף השבוע, אך כשהיא שבה הביתה כל התוכניות משתנות: מתברר שאחותה הצעירה נכנסה להריון. עכשיו, במקום להיפטר מהבתולין, היא צריכה להיפטר מתינוק.",45.00 ILS,https://www.cinema.co.il/wp-content/uploads/2025/09/%D7%9B%D7%99-%D7%90%D7%AA-%D7%9E%D7%9B%D7%95%D7%A2%D7%A8%D7%AA.jpg,https://www.cinema.co.il/event/%d7%9b%d7%99-%d7%90%d7%aa-%d7%9e%d7%9b%d7%95%d7%a2%d7%a8%d7%aa-%d7%a1%d7%99%d7%a0%d7%9e%d7%98%d7%a7/,Cinematheque Tel Aviv,Cinematheque Tel Aviv,active,Other,2026-09-19,אולם 3,,20260919,12,19.09.2026 19:00,אולם 3,https://cintlv.presglobal.store/order/133471,,21259
133815,המשפחה האיטלקית שלי,"המשפחה האיטלקית שלי (איטליה 2025)
בימוי: ג'יאני די גריגוריו
משחק: ג'יאני די גריגוריו, גרטה סקראנו, אלסנדרו בדטי
COME TI MUOVI SBAGLI
Dir: Gianni Di Gregorio
פרופסור בדימוס מנהל חיים שלוים ונעימים – פנסיה נאה, חברים קבועים, ארוחות ויין טוב; אלא שהשקט מתפוגג בן-לילה כשבתו נוחתת בביתו עם שני ילדיה הסוערים ונישואים על סף פירוק. על רקע רחובות רומא הציוריים, הכיכרות ובתי הקפה הקטנים, נפרש בלגן משפחתי מצחיק - סיפור על דור ההורים שנאלץ ללמוד מחדש מהי משפחה, אחריות וסבלנות – ובעיקר איך לשרוד את הדור הבא.
ג’אני די גרגוריו, במאי הלהיטים ""ארוחות אמצע אוגוסט"", ""טעם החיים"" ו""צ'או איטליה"", חוזר עם קומדיה איטלקית חכמה וחמה על אהבה, הורות מאוחרת, וקסם החיים כשהכול משתבש בדיוק בזמן הנכון.
97 דקות, איטלקית, תרגום לעברית ואנגלית",45.00 ILS,https://www.cinema.co.il/wp-content/uploads/2025/11/%D7%94%D7%9E%D7%A9%D7%A4%D7%97%D7%94-%D7%94%D7%90%D7%99%D7%98%D7%9C%D7%A7%D7%99%D7%AA-%D7%A9%D7%9C%D7%99.jpg,https://www.cinema.co.il/event/%d7%94%d7%9e%d7%a9%d7%a4%d7%97%d7%94-%d7%94%d7%90%d7%99%d7%98%d7%9c%d7%a7%d7%99%d7%aa-%d7%a9%d7%9c%d7%99/,Cinematheque Tel Aviv,Cinematheque Tel Aviv,active,Other,2026-09-19,אולם 4,,20260919,12,19.09.2026 21:30,אולם 4,https://cintlv.presglobal.store/order/133815,,20134
133816,ערך סנטימנטלי,"ערך סנטימנטלי (נורבגיה/ גרמניה/ דנמרק/ צרפת/ שוודיה 2025 )
בימוי: יואכים טרייר
משחק: רנטה ריינסב, סטלן סקארסגארד, אל פאנינג
SENTIMENTAL VALUE
Dir: Joachim Trier 
הבמאי עטור הפרסים יואכים טרייר מתאחד עם רנטה ריינסב (""האדם הגרוע בעולם"") לדרמה מרגשת שהדהימה את פסטיבל קאן וגרפה את הפרס הגדול. לאחר מות אִמה של נורה חוזר לחייה אביה גוסטב (סטלן סקארסגארד), במאי קולנוע מפורסם, ובאמתחתו הצעה: הוא מעוניין שהיא תגלם את התפקיד הראשי ביצירה אוטוביוגרפית חדשה שעליה הוא עובד. נורה מסרבת, והתפקיד נמסר לשחקנית אמריקאית מבטיחה (אל פאנינג), שמשנה את מסלול הסרט. בין היעדרותה של האם האהובה, שובו של האב והעבודה על הסרט, נורה ואחותה אגנס מנסות לגשש את דרכן במבוך של רגשות סותרים ושאיפה לפתוח פרק חדש בחייהן.
132 דקות, נורבגית ואנגלית, תרגום לעברית ואנגלית",45.00 ILS,https://www.cinema.co.il/wp-content/uploads/2026/01/%D7%A2%D7%A8%D7%9A-%D7%A1%D7%A0%D7%98%D7%99%D7%9E%D7%A0%D7%98%D7%9C%D7%99.jpg,https://www.cinema.co.il/event/%d7%a2%d7%a8%d7%9a-%d7%a1%d7%a0%d7%98%d7%99%d7%9e%d7%a0%d7%98%d7%9c%d7%99/,Cinematheque Tel Aviv,Cinematheque Tel Aviv,active,Other,2026-09-19,אולם 3,,20260919,12,19.09.2026 20:45,אולם 3,https://cintlv.presglobal.store/order/133816,,19840
133817,סיפורים קרועים,"סיפורים קרועים (ספרד/ארגנטינה 2025)
בימוי: מריאנו כהן, גסטון דופראט
משחק: גילרמו פרנצ'לה, אורורה קוואטרוקי, אווה דה דומיניצ'י, גילרמו ארנגו, ז'ורז' באריל
HOMO ARGENTUM
Dir: Mariano Cohn, Gaston Duprat
קומדיה שחורה פרועה, מושחזת ומצחיקה עד דמעות, שהפכה ללהיט קופתי גדול. בהשראת הקומדיות האיטלקיות הקלאסיות של שנות ה-60 וה-70, הסרט משלב הומור שנון עם מבט חד על טבע האדם. באמצעות פסיפס של סיפורים קצרים, אירוניים ולעיתים אבסורדיים, הוא בוחן את השיגעונות, ההרגלים והמוזרויות שמעצבים את חיי היום-יום שלנו – ממערכות יחסים, אהבה ומשפחה ועד לעולם העבודה המנוכר. התוצאה היא דיוקן משעשע ונוקב של החברה העכשווית, כזה שמעורר צחוק גדול, אך גם מחשבות על מי שאנחנו ועל הדרך בה אנו חיים. השחקן המוערך גיירמו פרנצ'לה מוביל את הסרט בתצוגת משחק וירטואוזית ונוגעת ללב, כשהוא מגלם שורה של דמויות שונות, קיצוניות ומשעשעות.
98 דקות, ספרדית, תרגום לעברית ואנגלית
טרום בכורה באדיבות קולנוע חדש בע""מ

טרום בכורה באדיבות קולנוע",45.00 ILS,https://www.cinema.co.il/wp-content/uploads/2026/08/%D7%A1%D7%99%D7%A4%D7%95%D7%A8%D7%99%D7%9D-%D7%A7%D7%A8%D7%95%D7%A2%D7%99%D7%9D-1.jpg,https://www.cinema.co.il/event/%d7%a1%d7%99%d7%a4%d7%95%d7%a8%d7%99%d7%9d-%d7%a7%d7%a8%d7%95%d7%a2%d7%99%d7%9d/,Cinematheque Tel Aviv,Cinematheque Tel Aviv,active,Other,2026-09-19,אולם 4,,20260919,12,19.09.2026 19:15,אולם 4,https://cintlv.presglobal.store/order/133817,,20976
133151,פולחן - נבחרי דוקאביב,"פולחן

בימוי: אסא ריקין ואריאל ברנשטיין
הפקה: אייל דץ וגולדה אנטואן
שנה של התבוננות בחברה הישראלית שלאחר הזעזוע מאירועי 7 באוקטובר. חברה המחפשת נחמה בטקסים: דתיים, לאומניים, במחאה וגם בשכחה. המבט חוזר אל עזה החרבה, והופך בעצמו לריטואל לאומי
ישראל 2026, עברית | 80 דקות",45.00 ILS,https://www.cinema.co.il/wp-content/uploads/2026/08/%D7%A4%D7%95%D7%9C%D7%97%D7%9F.jpg,https://www.cinema.co.il/event/%d7%a4%d7%95%d7%9c%d7%97%d7%9f-%d7%a0%d7%91%d7%97%d7%a8%d7%99-%d7%93%d7%95%d7%a7%d7%90%d7%91%d7%99%d7%91/,Cinematheque Tel Aviv,Cinematheque Tel Aviv,active,Other,2026-09-22,אולם 4,,20260922,15,22.09.2026 12:00,אולם 4,https://cintlv.presglobal.store/order/133151,במראה הישראלית ; נבחרי דוקאביב 2026,21265
133148,אבא גדול שלי,"אבא גדול שלי (שבדיה 1993)
MY GREAT BIG DADDY
בימוי: קייל אקה אנדרסן
Dir: Kjell-Ake Anderssen
משחק: רולף לסגארד, אן פטרן, ניק בורלונד

סיפור מנקודת מבט של ילד בן 11 המתרחש במהלכה של חופשת קיץ אחת בכפר שבדי בשנות החמישים. אביו הנערץ של הילד, אבא טוב וכל יכול, מתגלה לאט לאט כנואף, אלכוהוליסט ובטלן כרוני שנסיונותיו להפעיל את הקסם האישי הרב על הסובבים אותו הולכים והופכים לפאתטיים. ככל שהילד מודע לחולשותיו של אביו הוא מגלה את כוחותיו שלו, או במילים אחרות עוד סיפור התבגרות קיצי שובה לב, מצולם להפליא, ומשוחק בדייקנות רבה. הבמאי אנדרסן בונה את סרטו בעדינות עד השיא הרגשי שגורם להזדהות מלאה של הצופים עם הילד ומשפחתו.(102 דקות, שבדית, תרגום לעברית)",45.00 ILS,https://www.cinema.co.il/wp-content/uploads/2026/08/%D7%90%D7%91%D7%90-%D7%92%D7%93%D7%95%D7%9C-%D7%A9%D7%9C%D7%99.jpg,https://www.cinema.co.il/event/%d7%90%d7%91%d7%90-%d7%92%d7%93%d7%95%d7%9c-%d7%a9%d7%9c%d7%99/,Cinematheque Tel Aviv,Cinematheque Tel Aviv,active,Other,2026-09-22,אולם 3,,20260922,15,22.09.2026 16:00,אולם 3,https://cintlv.presglobal.store/order/133148,,21299
133224,טוטסי,"טוטסי (ארה""ב 1982)
בימוי: סידני פולאק
משחק: דסטין הופמן, ג'סיקה לאנג, ביל מוריי
Tootsie
Dir: Sydney Pollack

מייקל דורסי הוא שחקן מובטל עם מוניטין של איש קשה, שנכשל במציאת עבודה ומחליט לחפש את עצמו לאישה מבוגרת כדי להרוויח קצת כסף מעולם אופרות הסבון. בהפתעה, גדל התפקיד מעבר לסדרה, וכל צופי אופרת הסבון מתרגלים לצפות לבלתי צפוי מאמילי קימברלי הלא היא דורות'י מייקלס הלא הוא גיבורנו ממתיק הסוד. הבעיות צצות כאשר דורסי מתאהב בג'ולי ניקולס ומבין שהוא אינו יכול להתוודות בפניה על רגשותיו כיוון שכולם עדיין משוכנעים שהוא אישה בגיל העמידה. הסרט היה מועמד לשמונה פרסי האוסקר (בין היתר: שחקן, שחקנית משנה, במאי, עריכה צילום ומוזיקה) ואף זיכה את לאנג בפרסי האוסקר וגלובוס הזהב לשחקנית הטובה ביותר.
112 דקות, אנגלית, תרגום לעברית",45.00 ILS,https://www.cinema.co.il/wp-content/uploads/2022/04/%D7%98%D7%95%D7%98%D7%A1%D7%99.jpg,https://www.cinema.co.il/event/%d7%98%d7%95%d7%98%d7%a1%d7%99/,Cinematheque Tel Aviv,Cinematheque Tel Aviv,active,Other,2026-09-22,אולם 3,,20260922,15,22.09.2026 18:30,אולם 3,https://cintlv.presglobal.store/order/133224,מועדון הלבבות השלמים,21335
131722,החדר ה-36 של שאולין,"החדר ה-36 של שאולין (הונג קונג 1978)
 בימוי: לאו קאר-לאונג 
 משחק: שיה-הוי ליו, לו להי 
 The 36th Chamber of Shaolin
 תלמיד צעיר הוא פעיל במחתרת המתנגדת לשלטון שושלת צ'ינג בקנטון. לאחר שחיילי הממשלה מחסלים את משפחתו הוא נמלט למנזר שאולין. 35 חדרים שונים מכיל המנזר – כל חדר מלמד מיומנות אחר הקשורה לאמנויות הלחימה. יעברו שנים עד שיסיים התלמיד את התמחותו ולאחריה יקבל הצעה לעמוד בראש כל חדר שיבחר. הגדולה של הקלאסיקה הזו איננה רק בסצנות הפעולה אלא בדרך שבו היא מתארת את הכשרתו של לוחם – אם תרצו, זוהי ההשראה לסצנות הלימוד ב""קראטה קיד"". חלק ניכר מהעניין שמעורר הסרט נובע מהכריזמה הנשפכת משיה-הוי ליו – הידוע גם כגורדון ליו – שנוכחותו הקשוחה והתמה סוחפת את העין והלב. 
 © Licensed by Celestial Pictures Limited. All rights reserved.
 116 דקות, מנדרינית, תרגום לעברית",45.00 ILS,https://www.cinema.co.il/wp-content/uploads/2026/08/%D7%94%D7%97%D7%93%D7%A8-%D7%94-36-%D7%A9%D7%9C-%D7%A9%D7%90%D7%95%D7%9C%D7%99%D7%9F.jpg,https://www.cinema.co.il/event/%d7%94%d7%97%d7%93%d7%a8-%d7%94-36-%d7%a9%d7%9c-%d7%a9%d7%90%d7%95%d7%9c%d7%99%d7%9f/,Cinematheque Tel Aviv,Cinematheque Tel Aviv,active,Other,2026-09-22,אולם 3,,20260922,15,22.09.2026 21:00,אולם 3,https://cintlv.presglobal.store/order/131722,שפה זרה: קונג־פו פאנץ׳,21047
133135,אבא גדול שלי,"אבא גדול שלי (שבדיה 1993)
MY GREAT BIG DADDY
בימוי: קייל אקה אנדרסן
Dir: Kjell-Ake Anderssen
משחק: רולף לסגארד, אן פטרן, ניק בורלונד

סיפור מנקודת מבט של ילד בן 11 המתרחש במהלכה של חופשת קיץ אחת בכפר שבדי בשנות החמישים. אביו הנערץ של הילד, אבא טוב וכל יכול, מתגלה לאט לאט כנואף, אלכוהוליסט ובטלן כרוני שנסיונותיו להפעיל את הקסם האישי הרב על הסובבים אותו הולכים והופכים לפאתטיים. ככל שהילד מודע לחולשותיו של אביו הוא מגלה את כוחותיו שלו, או במילים אחרות עוד סיפור התבגרות קיצי שובה לב, מצולם להפליא, ומשוחק בדייקנות רבה. הבמאי אנדרסן בונה את סרטו בעדינות עד השיא הרגשי שגורם להזדהות מלאה של הצופים עם הילד ומשפחתו.(102 דקות, שבדית, תרגום לעברית)",45.00 ILS,https://www.cinema.co.il/wp-content/uploads/2026/08/%D7%90%D7%91%D7%90-%D7%92%D7%93%D7%95%D7%9C-%D7%A9%D7%9C%D7%99.jpg,https://www.cinema.co.il/event/%d7%90%d7%91%d7%90-%d7%92%d7%93%d7%95%d7%9c-%d7%a9%d7%9c%d7%99/,Cinematheque Tel Aviv,Cinematheque Tel Aviv,active,Other,2026-09-23,אולם 3,,20260923,16,23.09.2026 11:00,אולם 3,https://cintlv.presglobal.store/order/133135,,21299
133206,לקום אתמול בבוקר,"לקום אתמול בבוקר | Groundhog Day פיל קונורס הוא חזאי עצבני בתחנת טלוויזיה שנשלח לכסות את ""יום המרמיטה"" המבשר על בוא האביב. משום מה, הוא נלכד בזמן ומתעורר בוקר אחרי בוקר לאותו יום. חוץ ממנו, אגב, איש לא שם לב לטעות. זו מאפשרת לו לעשות אינספוריים ניסויים ולבסוף למצוא את הדרך לליבה של המפיקה היפה […]",45.00 ILS,https://www.cinema.co.il/wp-content/uploads/2026/08/%D7%9C%D7%A7%D7%95%D7%9D-%D7%90%D7%AA%D7%9E%D7%95%D7%9C-%D7%91%D7%91%D7%95%D7%A7%D7%A8.jpg,https://www.cinema.co.il/event/%d7%9c%d7%a7%d7%95%d7%9d-%d7%90%d7%aa%d7%9e%d7%95%d7%9c-%d7%91%d7%91%d7%95%d7%a7%d7%a8/,Cinematheque Tel Aviv,Cinematheque Tel Aviv,active,Other,2026-09-23,אולם 3,,20260923,16,23.09.2026 18:45,אולם 3,https://cintlv.presglobal.store/order/133206,,224
133205,שפתיים - נבחרי דוקאביב,"שפתיים (ישראל 2026)
 בימוי: רובי אלמליח
 LIPS
 Dir: Ruby Elmaliach
 סיפורה של להקת ""שפתיים"" המיתולוגית משדרות, הלהקה הראשונה שהעזה לשים את השפה המרוקאית בקדמת הבמה, ובכך הביאה בשורה של גאוות העדה לאולמות החתונות ובהמשך גם שינתה את תעשיית המוזיקה הישראלית. להקת ""שפתיים"" הקליטה שישה אלבומים והתפרקה בשנת 1998, לאחר שחבריה הסתכסכו. שלושים שנה מאוחר יותר – חיים אוליאל, סולן הלהקה, מאבד את בנו וגם את אחיו, מתופף הלהקה, תוך זמן קצר, ומבין שעכשיו הדבר הנכון לעשות הוא לחבר את חברי הלהקה, ולהקים את ""שפתיים"" מחדש.
 60 דקות, עברית וערבית, תרגום לעברית",45.00 ILS,https://www.cinema.co.il/wp-content/uploads/2026/08/%D7%A9%D7%A4%D7%AA%D7%99%D7%99%D7%9D-%D7%97%D7%93%D7%A9.jpg,https://www.cinema.co.il/event/%d7%a9%d7%a4%d7%aa%d7%99%d7%99%d7%9d-%d7%a0%d7%91%d7%97%d7%a8%d7%99-%d7%93%d7%95%d7%a7%d7%90%d7%91%d7%99%d7%91/,Cinematheque Tel Aviv,Cinematheque Tel Aviv,active,Other,2026-09-23,אולם 4,,20260923,16,23.09.2026 19:00,אולם 4,https://cintlv.presglobal.store/order/133205,במראה הישראלית ; נבחרי דוקאביב 2026,21337
132084,אגרוף הזעם,"אגרוף הזעם (הונג קונג 1972)
 בימוי: ווי לו 
 משחק: ברוס לי, נורה מיאו 
 Fist of Fury
 שנחאי, שנות ה-1930. שן זן הוא תלמיד קונג פו שמגלה כי המאסטר שלו נרצח בידי שלטונות הכיבוש היפנים. הוא יוצא למסע נקמה. זהו אחד הלהיטים הגדולים בקריירה הקצרה של ברוס לי, שמפגין כאן את כשרונותיו בתחום המשחק והלחימה. ""אגרוף הזעם"" איננו סרט עם עלילה מתוחכמת, ויותר מכל זהו טור הנדסי של קרבות שבהם לי מתמודד עם יריביו ומביס אותם. כמו כל סרטיו של לי יש כאן שפע של אקשן אינטנסיבי משולב בנאיביות והומור. 
 ההקרנה באדיבות©2010 Fortune Star Media Limited All Rights Reserved 
 107 דקות, מנדרינית, תרגום לעברית",45.00 ILS,https://www.cinema.co.il/wp-content/uploads/2026/08/%D7%90%D7%92%D7%A8%D7%95%D7%A3-%D7%94%D7%96%D7%A2%D7%9D.jpg,https://www.cinema.co.il/event/%d7%90%d7%92%d7%a8%d7%95%d7%a3-%d7%94%d7%96%d7%a2%d7%9d/,Cinematheque Tel Aviv,Cinematheque Tel Aviv,active,Other,2026-09-23,אולם 3,,20260923,16,23.09.2026 21:00,אולם 3,https://cintlv.presglobal.store/order/132084,שפה זרה: קונג־פו פאנץ׳,21045
132505,יפה לנצח,"יפה לנצח (איטליה/צרפת 2013)
בימוי: פאולו סורנטינו
משחק: טוני סרווילו, קרלו ורדונה, סברינה פרילי, קרלו בוצ'ירוסו
THE GREAT BEAUTY
Dir.: Paolo Sorrentino

רומא, עיר הנצח, על כל ההדר, השטחיות, הזיוף והיופי, והארכיטקטורה היא גיבורת סרטו של פאולו סורנטינו. רומא של סורנטינו היא עיר הזויה ודקדנטית, גדושה בשכיות חמדה, סוגדת לסלבריטאים, עיר שהותירה את ימי הזוהר שלה הרחק מאחור והיא לוכדת את תושביה במשבר קיומי. רוחו של פליני מרחפת בעיר הזו, בסרט שהוא חגיגה לכל אוהבי הקולנוע. העיתונאי ג'פ גאמברדלה - סופר של ספר אחד, המלך הבלתי מעורער של המסיבות האופנתיות, מבקר חברתי אירוני ודון ז'ואן בלתי נלאה - חוגג את יום הולדתו ה-65. הפלייבוי המזדקן גר בדירה מרהיבה שמביטה אל הקולוסיאום ונדמה שהוא מכיר את כל סודותיה של העיר, מתרפק כמוה על זיכרונות של עבר מפואר. הסרט זכה בפרסי האוסקר וגלובוס הזהב לסרט הזר הטוב של 2013.",45.00 ILS,https://www.cinema.co.il/wp-content/uploads/2024/08/%D7%99%D7%A4%D7%94-%D7%9C%D7%A0%D7%A6%D7%97.jpg,https://www.cinema.co.il/event/%d7%99%d7%a4%d7%94-%d7%9c%d7%a0%d7%a6%d7%97/,Cinematheque Tel Aviv,Cinematheque Tel Aviv,active,Other,2026-09-24,אולם 3,,20260924,17,24.09.2026 18:00,אולם 3,https://cintlv.presglobal.store/order/132505,ארכיטקטורה וקולנוע,21256
132962,סינמטוקיו | שחר חדש,"סינמטק תל אביב וארגון מנגה ואנימה ישראל (אמא""י) שמחים להשיק בשיתוף פעולה את מועדון האנימה החודשי של סינמטק תל אביב. המועדון יציג סרט אנימה נבחר מדי חודש.

אנימה (Anime), היא שם מקובל לכל אנימציה שיוצאת מיפן והינה מרכיב מרכזי בתרבות הפופולרית היפנית ובפריצתה אל התרבות העולמית, במיוחד לתרבות הפופולרית המערבית. בשנים האחרונות היא כובשת את העולם בסרטים ובסדרות טלוויזיה. האנימה פונה לקהל רחב ולאו דווקא ילדים כאשר היא עוסקת בשאלות פילוסופיות, פסיכולוגיות וחברתיות מורכבות.

נקרין את:
שחר חדש | A New Dawn
בימוי: יושיטושי שינומיה
שפה: יפנית | תרגום לעברית ולאנגלית
שלושה חברי ילדות נפגשים מחדש רגע לפני שמפעל הזיקוקים שבו גדלו נהרס והנוף המוכר משתנה ללא היכר. כדי להציל את עברם, הם יוצאים למרוץ נגד הזמן להגשמת חלומו האחרון של אביו של קייטארו: יצירת מופע הזיקוקים האגדי שמעולם לא הושלם. אנימה מרהיבה ופיוטית על חברות, מורשת משפחתית והמאבק להיאחז בבית בעולם שמשתנה ללא הרף.
אורך הסרט: 76 דקות",45.00 ILS,https://www.cinema.co.il/wp-content/uploads/2026/07/%D7%A9%D7%97%D7%A8-%D7%97%D7%93%D7%A9.jpg,https://www.cinema.co.il/event/%d7%a1%d7%99%d7%a0%d7%9e%d7%98%d7%95%d7%a7%d7%99%d7%95-%d7%a9%d7%97%d7%a8-%d7%97%d7%93%d7%a9/,Cinematheque Tel Aviv,Cinematheque Tel Aviv,active,Other,2026-09-24,אולם 4,,20260924,17,24.09.2026 19:00,אולם 4,https://cintlv.presglobal.store/order/132962,צעירים סינמטק,21313
131721,בואו לשתות איתי,"בואו לשתות איתי (הונג קונג 1966)
 בימוי: קינג הו 
 משחק: צ'נג פיי פיי, יוהא הוא 
 Come Drink with Me
 חבורת שודדים חוטפת את בנו של השליט המקומי ומאיימת להורגו אם מנהיג השודדים לא ישוחרר ממאסרו. אחותו של הנחטף יוצאת לחלץ את אחיה וזוכה לעזרה מפתיעה מנווד מזמר המכונה ""חתול שיכור"". אם אהבתם את ""מגע של זן"" שהקרנו רק לפני 3 חודשים בשבוע הקולנוע הטאיוואני, כדאי לכם לראות את אחד מסרטיו המוקדמים של הבמאי קינג הו, שנעשה תחת המטריה של האחים שואו. גם כאן הו מוכיח את כשרונו לתזמר סרט אלגנטי ומסחרר שמציע שפע של פעולה: עם חצים, להבים ואגרופים. הבונוס כאן הוא שהעלילה מובלת ע""י גיבורה (ולא גיבור) שאינה נופלת מיריביה ועמיתיה. את התפקיד מבצעת צ'נג פיי פיי – שהיתה בלרינה ואמנית לחימה – בכישורים פיזיים עוצרי נשימה. התוצאה היא קלאסיקה נהדרת שראויה ביותר לתשומת הלב. 
 © Licensed by Celestial Pictures Limited. All rights reserved.
 95 דקות, מנדרינית, תרגום לעברית",45.00 ILS,https://www.cinema.co.il/wp-content/uploads/2026/08/%D7%91%D7%95%D7%90%D7%95-%D7%9C%D7%A9%D7%AA%D7%95%D7%AA-%D7%90%D7%99%D7%AA%D7%99.jpg,https://www.cinema.co.il/event/%d7%91%d7%95%d7%90%d7%95-%d7%9c%d7%a9%d7%aa%d7%95%d7%aa-%d7%90%d7%99%d7%aa%d7%99/,Cinematheque Tel Aviv,Cinematheque Tel Aviv,active,Other,2026-09-24,אולם 3,,20260924,17,24.09.2026 21:00,אולם 3,https://cintlv.presglobal.store/order/131721,,21046
133513,דרקולה של בראם סטוקר,"דרקולה (ארה""ב 1992)
BRAM STOKER'S DRACULA
בימוי: פרנסיס פורד קופולה
Dir: Francis Ford Coppola
משחק: גארי אולדמן, וינונה ריידר, קיאנו ריבס
האגדה על הנסיך-ערפד מטרנסילבניה בטיפולו הראוותני והאולטימטיבי של פרנסיס פורד קופולה. גארי אולדמן הוא דרקולה המבקש אחר ורידיה של וינונה ריידר בלונדון של המאה ה19-, בשעה ששלוש יפהפיות העובדות בשירותו (ביניהן מיכאלה ברקו) מסתפקות בדמו של ארוסה הצעיר (קיאנו ריבס), הלכוד אי שם בטרנסילבניה בתוך טירתו של הערפד. סוללת הכוכבים כוללת גם את אנתוני הופקינס וטום ווייטס, צילומי הסרט המרהיבים והאפקטים הקולנועיים הרבים הופכים אותו לחזיון מרשים. (130 דקות. אנגלית, תרגום לעברית) (min, Eng. Heb sub 130)

הקרנת בלוריי",45.00 ILS,https://www.cinema.co.il/wp-content/uploads/2022/04/%D7%93%D7%A8%D7%A7%D7%95%D7%9C%D7%94-%D7%A7%D7%95%D7%A4%D7%95%D7%9C%D7%94.jpg,https://www.cinema.co.il/event/%d7%93%d7%a8%d7%a7%d7%95%d7%9c%d7%94-%d7%a9%d7%9c-%d7%91%d7%a8%d7%90%d7%9d-%d7%a1%d7%98%d7%95%d7%a7%d7%a8/,Cinematheque Tel Aviv,Cinematheque Tel Aviv,active,Other,2026-09-24,אולם 4,,20260924,17,24.09.2026 21:30,אולם 4,https://cintlv.presglobal.store/order/133513,,9986
132456,"בוקר טוב, עזה","בוקר טוב , עזה (ישראל 2026)
 בימוי: חנן ברנדס ומתן סקופסקי
 GOOD MORNING GAZA
 Dir.: Hanan Brandes and Matan Sacofsky
 אור ברנדס, סטודנט לפסיכולוגיה ולוחם במילואים ששירת בעזה כנהג טנק (""עגלון""), משדר פודקאסט מאולתר לחיילים דרך רשת הקשר. משיחות גלויות על פחד, הכחשה ותחושות נקם ועד בדיחות והטרלות – החיילים פותחים את עצמם ומדברים בגילוי לב. באמצעות קטעי קול מתוך רשת הקשר, לצד צילומים אינטימיים מתוך הקרבות, נפתח צוהר לנפשם של הלוחמים בתקופה שלאחר 7 באוקטובר.
 (52 דקות, עברית)",45.00 ILS,https://www.cinema.co.il/wp-content/uploads/2026/08/%D7%91%D7%95%D7%A7%D7%A8-%D7%98%D7%95%D7%91-%D7%A2%D7%96%D7%94.jpg,https://www.cinema.co.il/event/%d7%91%d7%95%d7%a7%d7%a8-%d7%98%d7%95%d7%91-%d7%a2%d7%96%d7%94/,Cinematheque Tel Aviv,Cinematheque Tel Aviv,active,Other,2026-09-25,אולם 4,,20260925,18,25.09.2026 12:00,אולם 4,https://cintlv.presglobal.store/order/132456,במראה הישראלית,21251
133375,סינדרלה I מדובב I על פופים,"מהסרטים הקסומים ביותר של דיסני, המבוסס על אחת האגדות הקלאסיות האהובות בכל הזמנים. סיפורה של סינדרלה, אשר מושפלת על ידי אמה החורגת וצמד אחיותיה המרשעות, שהופכות אותה למשרתת האישית שלהן ומונעות ממנה ללכת לנשף המלכותי. כשסינדרלה טובת הלב כמעט מאבדת תקווה, היא מקבלת עזרה מכמה חברים לא צפויים ופיה טובה אחת.

1950 ארה""ב",45.00 ILS,https://www.cinema.co.il/wp-content/uploads/2023/06/logo.png,https://cintlv.presglobal.store/order/133375,Cinematheque Tel Aviv,Cinematheque Tel Aviv,active,Other,2026-09-25,אולם 6,,20260925,18,25.09.2026 13:30,אולם 6,https://cintlv.presglobal.store/order/133375,,16637
133357,שפתיים - נבחרי דוקאביב,"שפתיים (ישראל 2026)
 בימוי: רובי אלמליח
 LIPS
 Dir: Ruby Elmaliach
 סיפורה של להקת ""שפתיים"" המיתולוגית משדרות, הלהקה הראשונה שהעזה לשים את השפה המרוקאית בקדמת הבמה, ובכך הביאה בשורה של גאוות העדה לאולמות החתונות ובהמשך גם שינתה את תעשיית המוזיקה הישראלית. להקת ""שפתיים"" הקליטה שישה אלבומים והתפרקה בשנת 1998, לאחר שחבריה הסתכסכו. שלושים שנה מאוחר יותר – חיים אוליאל, סולן הלהקה, מאבד את בנו וגם את אחיו, מתופף הלהקה, תוך זמן קצר, ומבין שעכשיו הדבר הנכון לעשות הוא לחבר את חברי הלהקה, ולהקים את ""שפתיים"" מחדש.
 60 דקות, עברית וערבית, תרגום לעברית",45.00 ILS,https://www.cinema.co.il/wp-content/uploads/2026/08/%D7%A9%D7%A4%D7%AA%D7%99%D7%99%D7%9D-%D7%97%D7%93%D7%A9.jpg,https://www.cinema.co.il/event/%d7%a9%d7%a4%d7%aa%d7%99%d7%99%d7%9d-%d7%a0%d7%91%d7%97%d7%a8%d7%99-%d7%93%d7%95%d7%a7%d7%90%d7%91%d7%99%d7%91/,Cinematheque Tel Aviv,Cinematheque Tel Aviv,active,Other,2026-09-25,אולם 4,,20260925,18,25.09.2026 14:00,אולם 4,https://cintlv.presglobal.store/order/133357,במראה הישראלית ; נבחרי דוקאביב 2026,21337
132956,אפטר בסינמטק | פולחן הדמים,"נעים וריאן, שני נערים מאוהבים ממשפחות נוצריות, נמלטים מישות אלימה ששוחררה על ידי הכנסייה ולובשת את צורת האנשים בהם הם חושקים יותר מכל – זה בזה.
סרט הביקורים של הבמאי והתסריטאי אדריאן קיארלה הוקרן בפסטיבל סאנדנס האחרון לתשואות רבות. המבקרים שיבחו את האימה הפסיכולוגית כסיפור אהבה מסעיר, מקורי, מתוחכם ומפתיע ששם את קיארלה על המפה.
 אימה, רומנטיקה | 88 דקות | אוסטרליה 2026
 דובר אנגלית, מתורגם לעברית

Leviticus",45.00 ILS,https://www.cinema.co.il/wp-content/uploads/2026/08/%D7%A4%D7%95%D7%9C%D7%97%D7%9F-%D7%94%D7%93%D7%9E%D7%99%D7%9D.jpg,https://www.cinema.co.il/event/%d7%90%d7%a4%d7%98%d7%a8-%d7%91%d7%a1%d7%99%d7%a0%d7%9e%d7%98%d7%a7-%d7%a4%d7%95%d7%9c%d7%97%d7%9f-%d7%94%d7%93%d7%9e%d7%99%d7%9d/,Cinematheque Tel Aviv,Cinematheque Tel Aviv,active,Other,2026-09-25,אולם 4,,20260925,18,25.09.2026 21:30,אולם 4,https://cintlv.presglobal.store/order/132956,צעירים סינמטק,21310
133412,החלק החסר סינמטק,"החלק החסר (צרפת/בלגיה/יפן 2024)
בימוי: גיום סנה
משחק: רומן דוריס, ג'ודית שמלה, מיי סירנה-מסוקי
A MISSING PART
Dir: Guillaume Senez
ג'יי, נהג מונית צרפתי המתגורר בטוקיו, מבלה את ימיו ולילותיו בנסיעה ברחבי העיר הסואנת – אך לא רק כדי להתפרנס. במשך תשע שנים, מאז שנפרד מאשתו היפנית, הוא מחפש אחר בתו לילי, שמעולם לא הצליח לקבל עליה משמורת. תחושת האובדן והבדידות מלווה אותו בכל נסיעה, עד שלבסוף הוא מחליט לוותר ולשוב לצרפת. אלא שאז, רגע לפני עזיבתו, צעירה מסתורית נכנסת למונית שלו… לילי. עולמו של ג'יי מתערער כשהוא מבין שהנערה שלפניו היא בתו – אך היא אינה מזהה אותו. בין הדחף לחשוף את האמת לבין הרצון לנצור את הרגעים החולפים איתה, הוא יוצא למסע רגשי שמעמיד במבחן את עברו, אהבתו והיכולת לסלוח.
 98 דקות, צרפתית ויפנית, תרגום לעברית ולאנגלית.",45.00 ILS,https://www.cinema.co.il/wp-content/uploads/2025/04/%D7%94%D7%97%D7%9C%D7%A7-%D7%94%D7%97%D7%A1%D7%A8.jpg,https://www.cinema.co.il/event/%d7%94%d7%97%d7%9c%d7%a7-%d7%94%d7%97%d7%a1%d7%a8-%d7%a1%d7%99%d7%a0%d7%9e%d7%98%d7%a7/,Cinematheque Tel Aviv,Cinematheque Tel Aviv,active,Other,2026-09-25,אולם 3,,20260925,18,25.09.2026 21:30,אולם 3,https://cintlv.presglobal.store/order/133412,,21357
133378,ספיידרמן: יום חדש | מתורגם,"לאחר ההצלחה הגלובלית חסרת התקדים של הסרט הקודם, הסרט ""ספיידרמן: יום חדש"" פותח פרק חדש לחלוטין עבור פיטר פרקר וספיידרמן. 4 שנים חלפו מאז אירועי הסרט הקודם ופיטר הוא כעת אדם בוגר שחי לגמרי לבדו, לאחר שבחר מרצונו למחוק את עצמו מחייהם ומזיכרונותיהם של האנשים שהוא אוהב. בעודו נלחם בפשע בניו יורק שכבר אינה מכירה את שמו, הוא מקדיש את עצמו לחלוטין להגנה על העיר שלו- ספיידרמן במשרה מלאה, אך ככל שהדרישות ממנו הולכות וגוברות, הלחץ מחולל שינוי פיזי מפתיע המאיים על עצם קיומו. באותה שעה, דפוס חדש ומסתורי של פשעים מוביל להופעתו של אחד האיומים החזקים ביותר שניצב מולם אי פעם.",45.00 ILS,https://www.cinema.co.il/wp-content/uploads/2026/08/%D7%A1%D7%A4%D7%99%D7%99%D7%93%D7%A8%D7%9E%D7%9F-%D7%99%D7%95%D7%9D-%D7%97%D7%93%D7%A9.jpg,https://www.cinema.co.il/event/%d7%a1%d7%a4%d7%99%d7%99%d7%93%d7%a8%d7%9e%d7%9f-%d7%99%d7%95%d7%9d-%d7%97%d7%93%d7%a9-%d7%9e%d7%aa%d7%95%d7%a8%d7%92%d7%9d/,Cinematheque Tel Aviv,Cinematheque Tel Aviv,active,Other,2026-09-26,אולם 3,,20260926,19,26.09.2026 10:30,אולם 3,https://cintlv.presglobal.store/order/133378,,21354
133215,חברי הדרקון אליוט I 8+,"פיט הוא יתום אשר אומץ על ידי משפחת גוגן האיומה, שמעבידה אותו בפרך מבוקר ועד ערב. יום אחד, פוגש פיט את אליוט הדרקון שמיד נחלץ לעזרתו, ויחדיו הם יוצאים להרפתקאה בלתי רגילה.
ארה""ב 1977, תרגום לעברית 
128 דק'",45.00 ILS,https://www.cinema.co.il/wp-content/uploads/2023/09/%D7%97%D7%91%D7%A8%D7%99-%D7%94%D7%93%D7%A8%D7%A7%D7%95%D7%9F-%D7%90%D7%9C%D7%99%D7%95%D7%98.jpg,https://www.cinema.co.il/event/%d7%97%d7%91%d7%a8%d7%99-%d7%94%d7%93%d7%a8%d7%a7%d7%95%d7%9f-%d7%90%d7%9c%d7%99%d7%95%d7%98-i-8/,Cinematheque Tel Aviv,Cinematheque Tel Aviv,active,Other,2026-09-26,אולם 4,,20260926,19,26.09.2026 11:00,אולם 4,https://cintlv.presglobal.store/order/133215,,13529
133376,סינדרלה I מדובב I על פופים,"מהסרטים הקסומים ביותר של דיסני, המבוסס על אחת האגדות הקלאסיות האהובות בכל הזמנים. סיפורה של סינדרלה, אשר מושפלת על ידי אמה החורגת וצמד אחיותיה המרשעות, שהופכות אותה למשרתת האישית שלהן ומונעות ממנה ללכת לנשף המלכותי. כשסינדרלה טובת הלב כמעט מאבדת תקווה, היא מקבלת עזרה מכמה חברים לא צפויים ופיה טובה אחת.

1950 ארה""ב",45.00 ILS,https://www.cinema.co.il/wp-content/uploads/2023/06/logo.png,https://cintlv.presglobal.store/order/133376,Cinematheque Tel Aviv,Cinematheque Tel Aviv,active,Other,2026-09-26,אולם 6,,20260926,19,26.09.2026 11:00,אולם 6,https://cintlv.presglobal.store/order/133376,,16637
132403,האודיסיאה סינמטק,"האודיסיאה | The Odyssey לאחר מלחמת טרויה, אודיסאוס עומד בפני מסע מסוכן בחזרה לאיתקה, כשהוא פוגש יצורים כמו הקיקלופ פוליפמוס, הסירנות, וקירקה לאורך המסע. סרטו החדש של הבמאי זוכה האוסקר כריסטופר נולאן בכיכובם של מאט דיימון, טום הולנד, אן האת'וויי, זנדאיה, לופיטה ניונגו, רוברט פטינסון, שרליז ת'רון, ג'ון ברנטל, אליוט פייג', ועוד.",45.00 ILS,https://www.cinema.co.il/wp-content/uploads/2026/07/%D7%94%D7%90%D7%93%D7%99%D7%A1%D7%90%D7%94-%D7%A7%D7%90%D7%91%D7%A8.jpg,https://www.cinema.co.il/event/%d7%94%d7%90%d7%95%d7%93%d7%99%d7%a1%d7%99%d7%90%d7%94-%d7%a1%d7%99%d7%a0%d7%9e%d7%98%d7%a7/,Cinematheque Tel Aviv,Cinematheque Tel Aviv,active,Other,2026-09-26,אולם 3,,20260926,19,26.09.2026 13:30,אולם 3,https://cintlv.presglobal.store/order/132403,,21246
133422,ערך סנטימנטלי + הרצאה,"ערך סנטימנטלי (נורבגיה/ גרמניה/ דנמרק/ צרפת/ שוודיה 2025 )
בימוי: יואכים טרייר
משחק: רנטה ריינסב, סטלן סקארסגארד, אל פאנינג
SENTIMENTAL VALUE
Dir: Joachim Trier 
הבמאי עטור הפרסים יואכים טרייר מתאחד עם רנטה ריינסב (""האדם הגרוע בעולם"") לדרמה מרגשת שהדהימה את פסטיבל קאן וגרפה את הפרס הגדול. לאחר מות אִמה של נורה חוזר לחייה אביה גוסטב (סטלן סקארסגארד), במאי קולנוע מפורסם, ובאמתחתו הצעה: הוא מעוניין שהיא תגלם את התפקיד הראשי ביצירה אוטוביוגרפית חדשה שעליה הוא עובד. נורה מסרבת, והתפקיד נמסר לשחקנית אמריקאית מבטיחה (אל פאנינג), שמשנה את מסלול הסרט. בין היעדרותה של האם האהובה, שובו של האב והעבודה על הסרט, נורה ואחותה אגנס מנסות לגשש את דרכן במבוך של רגשות סותרים ושאיפה לפתוח פרק חדש בחייהן.
132 דקות, נורבגית ואנגלית, תרגום לעברית ואנגלית
לפני הסרט הרצאתה של רחל אסתרקין:
האם הכל מותר בשם האומנות? החיים כחומר גלם אומנותי- על הדילמה המוסרית בין אותנטיות לבין חדירה פולשנית",65.00 ILS,https://www.cinema.co.il/wp-content/uploads/2026/01/%D7%A2%D7%A8%D7%9A-%D7%A1%D7%A0%D7%98%D7%99%D7%9E%D7%A0%D7%98%D7%9C%D7%99.jpg,https://www.cinema.co.il/event/%d7%a2%d7%a8%d7%9a-%d7%a1%d7%a0%d7%98%d7%99%d7%9e%d7%a0%d7%98%d7%9c%d7%99-%d7%94%d7%a8%d7%a6%d7%90%d7%94/,Cinematheque Tel Aviv,Cinematheque Tel Aviv,active,Other,2026-09-26,אולם 3,,20260926,19,26.09.2026 17:00,אולם 3,https://cintlv.presglobal.store/order/133422,,19813
132928,"בוקר טוב, עזה","בוקר טוב , עזה (ישראל 2026)
 בימוי: חנן ברנדס ומתן סקופסקי
 GOOD MORNING GAZA
 Dir.: Hanan Brandes and Matan Sacofsky
 אור ברנדס, סטודנט לפסיכולוגיה ולוחם במילואים ששירת בעזה כנהג טנק (""עגלון""), משדר פודקאסט מאולתר לחיילים דרך רשת הקשר. משיחות גלויות על פחד, הכחשה ותחושות נקם ועד בדיחות והטרלות – החיילים פותחים את עצמם ומדברים בגילוי לב. באמצעות קטעי קול מתוך רשת הקשר, לצד צילומים אינטימיים מתוך הקרבות, נפתח צוהר לנפשם של הלוחמים בתקופה שלאחר 7 באוקטובר.
 (52 דקות, עברית)",45.00 ILS,https://www.cinema.co.il/wp-content/uploads/2026/08/%D7%91%D7%95%D7%A7%D7%A8-%D7%98%D7%95%D7%91-%D7%A2%D7%96%D7%94.jpg,https://www.cinema.co.il/event/%d7%91%d7%95%d7%a7%d7%a8-%d7%98%d7%95%d7%91-%d7%a2%d7%96%d7%94/,Cinematheque Tel Aviv,Cinematheque Tel Aviv,active,Other,2026-09-26,אולם 4,,20260926,19,26.09.2026 19:30,אולם 4,https://cintlv.presglobal.store/order/132928,במראה הישראלית,21251
132667,פולחן - נבחרי דוקאביב,"פולחן

בימוי: אסא ריקין ואריאל ברנשטיין
הפקה: אייל דץ וגולדה אנטואן
שנה של התבוננות בחברה הישראלית שלאחר הזעזוע מאירועי 7 באוקטובר. חברה המחפשת נחמה בטקסים: דתיים, לאומניים, במחאה וגם בשכחה. המבט חוזר אל עזה החרבה, והופך בעצמו לריטואל לאומי
ישראל 2026, עברית | 80 דקות",45.00 ILS,https://www.cinema.co.il/wp-content/uploads/2026/08/%D7%A4%D7%95%D7%9C%D7%97%D7%9F.jpg,https://www.cinema.co.il/event/%d7%a4%d7%95%d7%9c%d7%97%d7%9f-%d7%a0%d7%91%d7%97%d7%a8%d7%99-%d7%93%d7%95%d7%a7%d7%90%d7%91%d7%99%d7%91/,Cinematheque Tel Aviv,Cinematheque Tel Aviv,active,Other,2026-09-26,אולם 4,,20260926,19,26.09.2026 21:00,אולם 4,https://cintlv.presglobal.store/order/132667,במראה הישראלית ; נבחרי דוקאביב 2026,21265
132366,מתוך אהבה טרום בכורה,"LES ENFANTS VONT BIEN /מתוך אהבה 

דרמה 111 דקות 2025 
בימוי ותסריט : נתן אמברוסיוני 
בהשתתפות: קאמרי קוטן, ג'ולייט ארמנה ומוניה שקורי 
צרפתית תרגום לעברית ואנגלית 
באדיבות:קולנוע חדש 

ז'אן לא ראתה את אחותה סוזן כבר שנים. היא גרה בעיר שקטה בצרפת, עובדת קשה, מתמודדת עם כמה דברים, עד שיום אחד סוזן מופיעה במפתיע עם שני ילדיה הצעירים. לרגע נדמה שסוזן מנסה לחדש את הקשר, אבל האשליה הזו מתנפצת כבר למחרת בבוקר: סוזן נעלמת ומשאירה מאחור את הילדים.
מדובר בדרמה משפחתית אינטימית, מורכבת וחמה, העוסקת בעדינות ומתוך הקפדה על פרטים בשאלות הגדולות של הורות, אמהות ומשפחה. בליבו של הסרט עומדת הופעתה הנהדרת של קאמי קוטן בתפקיד הראשי.

""דרמה נוגעת ללב עם הופעה שובת לב של קאמי קוטן...היא לוכדת ללא שיפוטיות ובצורה פשוטה וריאליסטית את הבנאליות המטרידה של טרגדיה משפחתית ""La tribune dimanche",45.00 ILS,https://www.cinema.co.il/wp-content/uploads/2026/02/%D7%9E%D7%AA%D7%95%D7%9A-%D7%90%D7%94%D7%91%D7%94.jpg,https://www.cinema.co.il/event/%d7%9e%d7%aa%d7%95%d7%9a-%d7%90%d7%94%d7%91%d7%94-%d7%98%d7%a8%d7%95%d7%9d-%d7%91%d7%9b%d7%95%d7%a8%d7%94/,Cinematheque Tel Aviv,Cinematheque Tel Aviv,active,Other,2026-09-27,אולם 3,,20260927,20,27.09.2026 11:00,אולם 3,https://cintlv.presglobal.store/order/132366,,20052
133226,שפתיים - נבחרי דוקאביב,"שפתיים (ישראל 2026)
 בימוי: רובי אלמליח
 LIPS
 Dir: Ruby Elmaliach
 סיפורה של להקת ""שפתיים"" המיתולוגית משדרות, הלהקה הראשונה שהעזה לשים את השפה המרוקאית בקדמת הבמה, ובכך הביאה בשורה של גאוות העדה לאולמות החתונות ובהמשך גם שינתה את תעשיית המוזיקה הישראלית. להקת ""שפתיים"" הקליטה שישה אלבומים והתפרקה בשנת 1998, לאחר שחבריה הסתכסכו. שלושים שנה מאוחר יותר – חיים אוליאל, סולן הלהקה, מאבד את בנו וגם את אחיו, מתופף הלהקה, תוך זמן קצר, ומבין שעכשיו הדבר הנכון לעשות הוא לחבר את חברי הלהקה, ולהקים את ""שפתיים"" מחדש.
 60 דקות, עברית וערבית, תרגום לעברית",45.00 ILS,https://www.cinema.co.il/wp-content/uploads/2026/08/%D7%A9%D7%A4%D7%AA%D7%99%D7%99%D7%9D-%D7%97%D7%93%D7%A9.jpg,https://www.cinema.co.il/event/%d7%a9%d7%a4%d7%aa%d7%99%d7%99%d7%9d-%d7%a0%d7%91%d7%97%d7%a8%d7%99-%d7%93%d7%95%d7%a7%d7%90%d7%91%d7%99%d7%91/,Cinematheque Tel Aviv,Cinematheque Tel Aviv,active,Other,2026-09-27,אולם 4,,20260927,20,27.09.2026 17:30,אולם 4,https://cintlv.presglobal.store/order/133226,במראה הישראלית ; נבחרי דוקאביב 2026,21337
132402,האודיסיאה סינמטק,"האודיסיאה | The Odyssey לאחר מלחמת טרויה, אודיסאוס עומד בפני מסע מסוכן בחזרה לאיתקה, כשהוא פוגש יצורים כמו הקיקלופ פוליפמוס, הסירנות, וקירקה לאורך המסע. סרטו החדש של הבמאי זוכה האוסקר כריסטופר נולאן בכיכובם של מאט דיימון, טום הולנד, אן האת'וויי, זנדאיה, לופיטה ניונגו, רוברט פטינסון, שרליז ת'רון, ג'ון ברנטל, אליוט פייג', ועוד.",45.00 ILS,https://www.cinema.co.il/wp-content/uploads/2026/07/%D7%94%D7%90%D7%93%D7%99%D7%A1%D7%90%D7%94-%D7%A7%D7%90%D7%91%D7%A8.jpg,https://www.cinema.co.il/event/%d7%94%d7%90%d7%95%d7%93%d7%99%d7%a1%d7%99%d7%90%d7%94-%d7%a1%d7%99%d7%a0%d7%9e%d7%98%d7%a7/,Cinematheque Tel Aviv,Cinematheque Tel Aviv,active,Other,2026-09-27,אולם 3,,20260927,20,27.09.2026 20:30,אולם 3,https://cintlv.presglobal.store/order/132402,,21246
132165,פארק היורה - לזכרו של סאם ניל,"פארק היורה (ארה""ב 1993)
בימוי: סטיבן שפילברג
משחק: סאם ניל, לורה דרן, ג'ף גולדבלום, ריצ'רד אטנבורו
JURASSIC PARK
Dir: Steven Spielberg
לג'ון האמונד (אטנבורו), מיליונר מזדקן, יש רעיון מטורף לפתוח פארק שעשועים שהאטרקציה המרכזית בו היא דינוזאורים. חוקריו של האמונד מצליחים להפיק DNA של דינוזאורים ולהחזירם לחיים. לפני פתיחת הפארק מזמין האמונד קבוצה של חוקרים נודעים כדי להתרשם מהפארק ולחוות עליו את דעתם אך כבר במהלך הסיור הראשוני צצות הבעיות. העניינים והחיות יוצאים משליטה. מרגע זה ועד הסוף הדרמטי הופך הסרט למסע הישרדות מדהים תוך התמודדות עם יצורים קדמוניים שחזרו ובגדול. הסרט הראשון והטוב ביותר בפרנצ'ייז. אחרי שנים רבות אצלנו על המסך הגדול. לא לפספס.
(127 דקות, אנגלית, תרגום לעברית)((127 min., Eng., Heb. Sub",45.00 ILS,https://www.cinema.co.il/wp-content/uploads/2024/10/%D7%A4%D7%90%D7%A8%D7%A7-%D7%94%D7%99%D7%95%D7%A8%D7%94.jpg,https://www.cinema.co.il/event/%d7%a4%d7%90%d7%a8%d7%a7-%d7%94%d7%99%d7%95%d7%a8%d7%94-%d7%9c%d7%96%d7%9b%d7%a8%d7%95-%d7%a9%d7%9c-%d7%a1%d7%90%d7%9d-%d7%a0%d7%99%d7%9c/,Cinematheque Tel Aviv,Cinematheque Tel Aviv,active,Other,2026-09-28,אולם 4,,20260928,21,28.09.2026 17:30,אולם 4,https://cintlv.presglobal.store/order/132165,,21226
131740,השיגעון שלנו + הרצאה,"""השגעון שלנו"" - אירוע חד פעמי לט""ו באב
אחרי הלהיט העולמי ""זרים מושלמים"", פאולו ג'נובזה חוזר עם להיט חדש שסחף 2.5 מיליון איטלקים. ""השגעון שלנו"", קומדיה רומנטית מקסימה ומקורית המאפשרת הצצה למתרחש בראשיהם של פיירו ולארה במהלך הדייט הראשון שלהם. במהלך הערב נכיר את הקולות השונים בראש שלהם ואת הדמויות המרכיבות את אישיותם. ״השיגעון שלנו״ מפגיש אותנו עם הרומנטיות, האינסטינקטיביות, הרציונליות והקפריזיות שיש בכל אחד מאיתנו והקונפליקטים ביניהם. בואו להתאהב ולגלות את ההיגיון בשיגעון שלנו.

כשגבר ואשה נפגשים… הם מביאים ביחד איתם מקהלה שלמה של קולות פנימיים מופנמים, מודעים או פחות מודעים - שמבטאים את ההיסטוריה האישית שלהם, זכרונות הילדות, מערכת היחסים המשפחתית, חלומות, תשוקות וחששות. נדבר על כל אלה ועוד קצת...
ד""ר יעל דורון, פסיכולוגית שיקומית ואנליטיקאית קבוצתית. מנהלת ""מכון זוגות"", מתמחה בטיפול בנושאי זוגיות ויחסים. מלווה כמומחית את תכנית הטלוויזיה ""חתונה ממבט ראשון"".
השיגעון שלנו (איטליה 2025)
בימו",65.00 ILS,https://www.cinema.co.il/wp-content/uploads/2025/07/%D7%94%D7%A9%D7%92%D7%A2%D7%95%D7%9F-%D7%A9%D7%9C%D7%A0%D7%95.jpg,https://www.cinema.co.il/event/%d7%94%d7%a9%d7%92%d7%a2%d7%95%d7%9f-%d7%a9%d7%9c%d7%a0%d7%95-%d7%94%d7%a8%d7%a6%d7%90%d7%94/,Cinematheque Tel Aviv,Cinematheque Tel Aviv,active,Other,2026-09-28,אולם 3,,20260928,21,28.09.2026 20:00,אולם 3,https://cintlv.presglobal.store/order/131740,,18427
132095,ראידה אדון לעצמה,"ראידה אדון לעצמה (ישראל 2025)
 בימוי: ברכה זיסמן כהן
 HOLDING HER FROUND
 Dir: Bracha Zisman Cohen
 ""בחזה שלי יש שני לבבות פועמים, אם לב אחד יפסיק לפעום השני גם ישתתק וימות איתו. חלק ממני פלסטינית והחלק השני ישראלית"". ראידה אדון: אמנית וידאו-ארט, שחקנית וציירת, נושאת על גבה מטען גנטי, רגשי והיסטורי כבד – גם אם תנסה לברוח ממנו, הוא יתפוצץ באמנות שלה. ראידה היא הערבייה היחידה שהציגה תערוכת יחיד במוזיאון ישראל. למרות ההצלחה, ראידה לא מצליחה למצוא את מקומה כאמנית פלסטינית בישראל. חיפושיה אחר שייכות ובית לוקחים אותה עד פריז, שם היא מגלה שבעולם האמנות האירופאי תופסים אותה דווקא כישראלית ומתקשים לקבל את זהותה המורכבת . בכל מקום בו ראידה גרה עומדות מזוודות בהיכון לכל מצב. היא מרגישה לא פה ולא שם. רק האמנות היא בית.
 55 דקות, ערבית ועברית, תרגום לעברית",45.00 ILS,https://www.cinema.co.il/wp-content/uploads/2026/08/%D7%A8%D7%90%D7%99%D7%93%D7%94-%D7%90%D7%93%D7%95%D7%9F-%D7%9C%D7%A2%D7%A6%D7%9E%D7%94.jpg,https://www.cinema.co.il/event/%d7%a8%d7%90%d7%99%d7%93%d7%94-%d7%90%d7%93%d7%95%d7%9f-%d7%9c%d7%a2%d7%a6%d7%9e%d7%94/,Cinematheque Tel Aviv,Cinematheque Tel Aviv,active,Other,2026-09-28,אולם 4,,20260928,21,28.09.2026 20:00,אולם 4,https://cintlv.presglobal.store/order/132095,במראה הישראלית,20184
132164,שליטה - לזכרו של סאם ניל,"מועדון הסרטים לבע""ח (בעלי עצבים חזקים) שליטה (צרפת 1981) בימוי: אנדז'יי זולאווסקי משחק: איזבל אדג'אני, סם ניל POSSESSION Dir: Andrjei Zulawski מותחן אימה ארוטי ומדמם, על תשוקה, בגידה, אובססיה והמפלצת מבפנים שמאיימת להתפרץ בכל רגע ולהפוך את העולם לגיהינום עלי אדמות. איזבל אדג'אני וסאם ניל מככבים כזוג נשוי שמידרדר לפסיכוזה סקסואלית מתקדמת. הסרט זיכה את הכוכבת שלו בפרס הסזאר ובפרס השחקנית הטובה ביותר בפסטיבל קאן. (123 דקות, צרפתית, תרגום לעברית) (123 min., Fre., Heb. Sub) כניסה מגיל 18. אזהרה הסרט כולל תכנים אשר עלולים להיות מטרידים עבור חלק מהצופים.",45.00 ILS,https://www.cinema.co.il/wp-content/uploads/2026/08/%D7%A9%D7%9C%D7%99%D7%98%D7%94.jpg,https://www.cinema.co.il/event/%d7%a9%d7%9c%d7%99%d7%98%d7%94-%d7%9c%d7%96%d7%9b%d7%a8%d7%95-%d7%a9%d7%9c-%d7%a1%d7%90%d7%9d-%d7%a0%d7%99%d7%9c/,Cinematheque Tel Aviv,Cinematheque Tel Aviv,active,Other,2026-09-28,אולם 4,,20260928,21,28.09.2026 21:45,אולם 4,https://cintlv.presglobal.store/order/132164,בעלי עצבים חזקים,21225
133156,האישה בלבן - נבחרי דוקאביב,"האישה בלבן (ישראל/ גרמניה 2026)
בימוי: עמנואל מאייר
THE WOMAN IN WHITE
Dir: Emmanuelle Mayer
הזוכה בפרסי הסרט הטוב והתחקיר דוקאביב 2026. 
מי הייתה תמר גולן ולמה אינה מופיעה בספרי ההיסטוריה? האם הייתה סוכנת מוסד, או אהובתו של קולונל מצרי או של שליט אפריקאי? איך היא השפיעה על הסכם השלום של ישראל עם מצרים? האישה שלבשה לבן ומשכה בחוטים מאחורי הקלעים של מדיניות החוץ של ישראל, המציאה דיפלומטיה אחרת, נשענה על יחסים אישיים, מבט בעיניים, וניהול סלון פוליטי תרבותי בפריז. היא הצליחה היכן שהערוצים הרשמיים נכשלו, אך שמה מעולם לא נכנס לרשומות הרשמיות. לאחר מותה, במאית הסרט נתקלת בארכיון הפרטי שלה – יומנים, הקלטות ותצלומים. בעזרתם ובעזרת חבריה, הסרט לוקח אותנו אל תוך סודותיה.
 90 דקות, עברית, ערבית, אנגלית, צרפתית, פורטוגזית, תרגום לעברית.",45.00 ILS,https://www.cinema.co.il/wp-content/uploads/2026/05/%D7%94%D7%90%D7%99%D7%A9%D7%94-%D7%91%D7%9C%D7%91%D7%9F.jpg,https://www.cinema.co.il/event/%d7%94%d7%90%d7%99%d7%a9%d7%94-%d7%91%d7%9c%d7%91%d7%9f-%d7%a0%d7%91%d7%97%d7%a8%d7%99-%d7%93%d7%95%d7%a7%d7%90%d7%91%d7%99%d7%91/,Cinematheque Tel Aviv,Cinematheque Tel Aviv,active,Other,2026-09-29,אולם 3,,20260929,22,29.09.2026 11:00,אולם 3,https://cintlv.presglobal.store/order/133156,במראה הישראלית ; נבחרי דוקאביב 2026,20898
133225,מעבר לכל דמיון,"מעבר לכל דמיון (ארה""ב 2006)
STRANGER THAN FICTION 
בימוי: מארק פורסטר
Dir: Marc Forster
משחק: וויל פארל, אמה תומפסון, מאגי גילנהאל, דסטין הופמן
וויל פארל מגלם פקיד במס הכנסה שמתחיל בוקר אחד לשמוע בעיני רוחו קול של אישה המקריינת את חייו. עד מהרה הוא מבין שהוא בעצם דמות בספר שכותבת סופרת המשפיעה על כל מהלך חייו. מה שחמור יותר, מתברר שהיא גם מתכננת את מותו. במקביל להתאהבות בנישומה יפה (מגי גילנהאל כאופה אסרטיבית), הוא עורך חיפוש אחרי הסופרת כדי לדבר אל ליבה ולמנוע את מותו. מארק פורסטר יצר קומדיה רומאנטית שמשדרגת את מעמדו של וויל פארל מיותר מסתם קומיקאי לשחקן אופי. פארל,יחד עם שאר אנסמבל השחקנים המבריק מגיש מהתלה המצליחה לשלב בין הומור לאמירות על משמעות החיים בסגנון ""המופע של טרומן"". רק הסצנה בה פארל שר את Whole Wide World (שירו של זמר הפאנק האלמוני יחסית רקלס אריק) לאהובתו גילנהאל, שווה את הצפייה בסרט המלבב הזה.
(113 דקות. אנגלית, תרגום לעברית) ( (113 min., Eng., Heb. Sub",45.00 ILS,https://www.cinema.co.il/wp-content/uploads/2026/08/%D7%9E%D7%A2%D7%91%D7%A8-%D7%9C%D7%9B%D7%9C-%D7%93%D7%9E%D7%99%D7%95%D7%9F.jpg,https://www.cinema.co.il/event/%d7%9e%d7%a2%d7%91%d7%a8-%d7%9c%d7%9b%d7%9c-%d7%93%d7%9e%d7%99%d7%95%d7%9f/,Cinematheque Tel Aviv,Cinematheque Tel Aviv,active,Other,2026-09-29,אולם 3,,20260929,22,29.09.2026 18:30,אולם 3,https://cintlv.presglobal.store/order/133225,,21334
133411,החלק החסר סינמטק,"החלק החסר (צרפת/בלגיה/יפן 2024)
בימוי: גיום סנה
משחק: רומן דוריס, ג'ודית שמלה, מיי סירנה-מסוקי
A MISSING PART
Dir: Guillaume Senez
ג'יי, נהג מונית צרפתי המתגורר בטוקיו, מבלה את ימיו ולילותיו בנסיעה ברחבי העיר הסואנת – אך לא רק כדי להתפרנס. במשך תשע שנים, מאז שנפרד מאשתו היפנית, הוא מחפש אחר בתו לילי, שמעולם לא הצליח לקבל עליה משמורת. תחושת האובדן והבדידות מלווה אותו בכל נסיעה, עד שלבסוף הוא מחליט לוותר ולשוב לצרפת. אלא שאז, רגע לפני עזיבתו, צעירה מסתורית נכנסת למונית שלו… לילי. עולמו של ג'יי מתערער כשהוא מבין שהנערה שלפניו היא בתו – אך היא אינה מזהה אותו. בין הדחף לחשוף את האמת לבין הרצון לנצור את הרגעים החולפים איתה, הוא יוצא למסע רגשי שמעמיד במבחן את עברו, אהבתו והיכולת לסלוח.
 98 דקות, צרפתית ויפנית, תרגום לעברית ולאנגלית.",45.00 ILS,https://www.cinema.co.il/wp-content/uploads/2025/04/%D7%94%D7%97%D7%9C%D7%A7-%D7%94%D7%97%D7%A1%D7%A8.jpg,https://www.cinema.co.il/event/%d7%94%d7%97%d7%9c%d7%a7-%d7%94%d7%97%d7%a1%d7%a8-%d7%a1%d7%99%d7%a0%d7%9e%d7%98%d7%a7/,Cinematheque Tel Aviv,Cinematheque Tel Aviv,active,Other,2026-09-29,אולם 3,,20260929,22,29.09.2026 21:00,אולם 3,https://cintlv.presglobal.store/order/133411,,21357
133413,החלק החסר סינמטק,"החלק החסר (צרפת/בלגיה/יפן 2024)
בימוי: גיום סנה
משחק: רומן דוריס, ג'ודית שמלה, מיי סירנה-מסוקי
A MISSING PART
Dir: Guillaume Senez
ג'יי, נהג מונית צרפתי המתגורר בטוקיו, מבלה את ימיו ולילותיו בנסיעה ברחבי העיר הסואנת – אך לא רק כדי להתפרנס. במשך תשע שנים, מאז שנפרד מאשתו היפנית, הוא מחפש אחר בתו לילי, שמעולם לא הצליח לקבל עליה משמורת. תחושת האובדן והבדידות מלווה אותו בכל נסיעה, עד שלבסוף הוא מחליט לוותר ולשוב לצרפת. אלא שאז, רגע לפני עזיבתו, צעירה מסתורית נכנסת למונית שלו… לילי. עולמו של ג'יי מתערער כשהוא מבין שהנערה שלפניו היא בתו – אך היא אינה מזהה אותו. בין הדחף לחשוף את האמת לבין הרצון לנצור את הרגעים החולפים איתה, הוא יוצא למסע רגשי שמעמיד במבחן את עברו, אהבתו והיכולת לסלוח.
 98 דקות, צרפתית ויפנית, תרגום לעברית ולאנגלית.",45.00 ILS,https://www.cinema.co.il/wp-content/uploads/2025/04/%D7%94%D7%97%D7%9C%D7%A7-%D7%94%D7%97%D7%A1%D7%A8.jpg,https://www.cinema.co.il/event/%d7%94%d7%97%d7%9c%d7%a7-%d7%94%d7%97%d7%a1%d7%a8-%d7%a1%d7%99%d7%a0%d7%9e%d7%98%d7%a7/,Cinematheque Tel Aviv,Cinematheque Tel Aviv,active,Other,2026-09-30,אולם 3,,20260930,23,30.09.2026 11:00,אולם 3,https://cintlv.presglobal.store/order/133413,,21357
133125,פארק היורה - לזכרו של סאם ניל,"פארק היורה (ארה""ב 1993)
בימוי: סטיבן שפילברג
משחק: סאם ניל, לורה דרן, ג'ף גולדבלום, ריצ'רד אטנבורו
JURASSIC PARK
Dir: Steven Spielberg
לג'ון האמונד (אטנבורו), מיליונר מזדקן, יש רעיון מטורף לפתוח פארק שעשועים שהאטרקציה המרכזית בו היא דינוזאורים. חוקריו של האמונד מצליחים להפיק DNA של דינוזאורים ולהחזירם לחיים. לפני פתיחת הפארק מזמין האמונד קבוצה של חוקרים נודעים כדי להתרשם מהפארק ולחוות עליו את דעתם אך כבר במהלך הסיור הראשוני צצות הבעיות. העניינים והחיות יוצאים משליטה. מרגע זה ועד הסוף הדרמטי הופך הסרט למסע הישרדות מדהים תוך התמודדות עם יצורים קדמוניים שחזרו ובגדול. הסרט הראשון והטוב ביותר בפרנצ'ייז. אחרי שנים רבות אצלנו על המסך הגדול. לא לפספס.
(127 דקות, אנגלית, תרגום לעברית)((127 min., Eng., Heb. Sub",45.00 ILS,https://www.cinema.co.il/wp-content/uploads/2024/10/%D7%A4%D7%90%D7%A8%D7%A7-%D7%94%D7%99%D7%95%D7%A8%D7%94.jpg,https://www.cinema.co.il/event/%d7%a4%d7%90%d7%a8%d7%a7-%d7%94%d7%99%d7%95%d7%a8%d7%94-%d7%9c%d7%96%d7%9b%d7%a8%d7%95-%d7%a9%d7%9c-%d7%a1%d7%90%d7%9d-%d7%a0%d7%99%d7%9c/,Cinematheque Tel Aviv,Cinematheque Tel Aviv,active,Other,2026-09-30,אולם 3,,20260930,23,30.09.2026 16:00,אולם 3,https://cintlv.presglobal.store/order/133125,,21226
133616,אפיק | אירוע מיוחד | הקרנה לנוער,"הקרנה מקוצרת של היילייטים מכל סאגה מהמחזמר הפופולארי ״אפיק״, בואו לשיר איתנו את סיפור האודיסאה! 
הצטרפו לחוויה סוחפת בעולם של ""אפיק: המחזמר"" – מיוזיקל עוצמתי שנולד בטיקטוק, כבש את היוטיוב, ובנה סביבו קהילה בינלאומית של מעריצים נלהבים. המחזמר עוקב אחר מסעו של אודיסאוס בחזרה הביתה מטרויה, וכולל רגעים בלתי נשכחים כמו הקרב מול הקיקלופ והירידה לשאול – הכל עטוף בשירים מבריקים שמשלבים פופ, רוק, תזמורת ועוד.
במהלך ההקרנה נעבור יחד את כל! הסאגות המוזיקליות, נשיר, נתרגש, ונחגוג את הסיפור והדמויות שכבשו אותנו.
מה מחכה לנו? תחרות תחפושות, חידון נושא פרסים ועוד הפתעות!
מוזמנים להגיע לפני ההקרנה החל מ-17:00 לדוכנים בלובי.
בהנחיית קוספליי אין וונדרלנד.
ההקרנה בשיתוף עם דבק.
קרדיט איור: GIGI",45.00 ILS,https://www.cinema.co.il/wp-content/uploads/2025/10/epic.jpg,https://www.cinema.co.il/event/%d7%90%d7%a4%d7%99%d7%a7-%d7%90%d7%99%d7%a8%d7%95%d7%a2-%d7%9e%d7%99%d7%95%d7%97%d7%93-%d7%94%d7%a7%d7%a8%d7%a0%d7%94-%d7%9c%d7%a0%d7%95%d7%a2%d7%a8/,Cinematheque Tel Aviv,Cinematheque Tel Aviv,active,Other,2026-09-30,אולם 3,,20260930,23,30.09.2026 18:30,אולם 3,https://cintlv.presglobal.store/order/133616,,20174
133423,סיפורים קרועים + הרצאה,"סיפורים קרועים (ספרד/ארגנטינה 2025)
בימוי: מריאנו כהן, גסטון דופראט
משחק: גילרמו פרנצ'לה, אורורה קוואטרוקי, אווה דה דומיניצ'י, גילרמו ארנגו, ז'ורז' באריל
HOMO ARGENTUM
Dir: Mariano Cohn, Gaston Duprat
קומדיה שחורה פרועה, מושחזת ומצחיקה עד דמעות, שהפכה ללהיט קופתי גדול. בהשראת הקומדיות האיטלקיות הקלאסיות של שנות ה-60 וה-70, הסרט משלב הומור שנון עם מבט חד על טבע האדם. באמצעות פסיפס של סיפורים קצרים, אירוניים ולעיתים אבסורדיים, הוא בוחן את השיגעונות, ההרגלים והמוזרויות שמעצבים את חיי היום-יום שלנו – ממערכות יחסים, אהבה ומשפחה ועד לעולם העבודה המנוכר. התוצאה היא דיוקן משעשע ונוקב של החברה העכשווית, כזה שמעורר צחוק גדול, אך גם מחשבות על מי שאנחנו ועל הדרך בה אנו חיים. השחקן המוערך גיירמו פרנצ'לה מוביל את הסרט בתצוגת משחק וירטואוזית ונוגעת ללב, כשהוא מגלם שורה של דמויות שונות, קיצוניות ומשעשעות.
98 דקות, ספרדית, תרגום לעברית ואנגלית
לפני הסרט תתקיים הרצאה מאת מבקר הקולנוע בנימין טוביאס
הדרום ה",65.00 ILS,https://www.cinema.co.il/wp-content/uploads/2026/08/%D7%A1%D7%99%D7%A4%D7%95%D7%A8%D7%99%D7%9D-%D7%A7%D7%A8%D7%95%D7%A2%D7%99%D7%9D-1.jpg,https://www.cinema.co.il/event/%d7%a1%d7%99%d7%a4%d7%95%d7%a8%d7%99%d7%9d-%d7%a7%d7%a8%d7%95%d7%a2%d7%99%d7%9d-%d7%94%d7%a8%d7%a6%d7%90%d7%94/,Cinematheque Tel Aviv,Cinematheque Tel Aviv,active,Other,2026-10-02,אולם 3,,20261002,25,02.10.2026 11:00,אולם 3,https://cintlv.presglobal.store/order/133423,,21347
130848,בחזרה מהימלאיה והרצאה,"בחזרה מההימלאיה (ספרד 2024)
בימוי: סלבדור קאלבו
משחק: מיגל הראן, סוסנה אבאיטואה, אלכסנדרה מסנגקאיי
Valley of Shadows
Dir: Salvador Calvo
קיקה, קלרה ובנה לוקאס יוצאים לחופשה בצפון הודו. במהלך לילה סוער, תקרית דרמטית מפרידה ביניהם וקיקה מחולץ כשהוא פצוע ומובל אל כפר מבודד למרגלות ההימלאיה. שם, למול היופי הבלתי נתפס, קיקה מתאושש בהדרגה ולומד את אורח חייהם הייחודי של בני השבט – את המסורות, האמונות והקשר העמוק לטבע. תהליך ההחלמה הופך למסע פנימי של גילוי עצמי וגאולה, עד שלבסוף, קיקה מתחזק ומסוגל לצאת לדרך ולתפוס חזרה את מקומו בעולם, כשהוא כבר אינו אותו אדם.
120 דקות, ספרדית בתרגום לעברית ולאנגלית.. 

לפני הסרט הרצאתה של אילת אידלברג:""בחזרה מעמק הצללים""

מסע מסקרן וצבעוני בין ההרים האדירים והמנזרים הבודהיסטיים של צפון(-מזרח, לדעתי צפון מספיק היות וצפון מזרח לא מדויק) הודו. בין פסגות מושלגות ומנזרים עתיקים נפגוש מטיילים מערביים המחפשים חוויה רוחנית ומפגש עם תרבות אחרת, לא מוכרת ולעיתים מסוכנת. נ",65.00 ILS,https://www.cinema.co.il/wp-content/uploads/2023/06/logo.png,https://cintlv.presglobal.store/order/130848,Cinematheque Tel Aviv,Cinematheque Tel Aviv,active,Other,2026-10-03,אולם 3,,20261003,26,03.10.2026 11:00,אולם 3,https://cintlv.presglobal.store/order/130848,,19255
133425,יהלומים + הרצאה,"יהלומים (איטליה 2024)
בימוי: פרזן אוזפטק
משחק: לואיזה רניירי, ג'זמין טרינקה, סטפנו אקורסי, קסיה סמוטניאק
Diamonds
Dir: Ferzan Ozpetek
במאי קולנוע אוסף סביבו את שחקניותיו האהובות – אלו שעבד איתן ואלו שאהב. הוא מתבונן בהן, שואב השראה וכותב תסריט שנוטל את סיפוריהן אל רומא של שנות ה-70, שם מנהלות האחיות אלברטה וגבריאלה בית אופנה יוקרתי, שקול מכונות התפירה וקולותיהן של התופרות ממלא אותו מבוקר עד ערב. ההתרגשות והלחץ גוברים כאשר האחיות מקבלות הזמנה לעצב תלבושות לסרט תקופתי חשוב בבימויו של לורנצו ובכיכובה של השחקנית המפורסמת סופיה וולפי. סיפורן של הנשים מסופר מזווית חדשה – זו של התלבושות. בין בדידות, תשוקות, חרדות, היעדר קורע לב וקשרים שאינם ניתנים לשבירה, מציאות ובדיון שזורים זה בזה, כמו גם חייהן של השחקניות ושל הדמויות שהן מגלמות, התחרות והאחווה, הנראה והבלתי נראה. ""יהלומים"" זכה להצלחה אדירה באיטליה והפך לאחד הסרטים המצליחים ביותר בקריירה של אוזפטק. 
135 דקות, איטלקית, תרגום לעברית ואנגלית
לפנ",65.00 ILS,https://www.cinema.co.il/wp-content/uploads/2025/07/%D7%99%D7%94%D7%9C%D7%95%D7%9E%D7%99%D7%9D-%D7%97%D7%93%D7%A9.jpg,https://www.cinema.co.il/event/%d7%99%d7%94%d7%9c%d7%95%d7%9e%d7%99%d7%9d-%d7%94%d7%a8%d7%a6%d7%90%d7%94/,Cinematheque Tel Aviv,Cinematheque Tel Aviv,active,Other,2026-10-03,אולם 3,,20261003,26,03.10.2026 16:30,אולם 3,https://cintlv.presglobal.store/order/133425,,18477
130746,תמול שלשום 2026 ב' - מפגש 6,"אוקטובר מרצה: רינו צרור יוקרן: על כלבים ואנשים לפנות בוקר יוצאת דר (אורי אבינועם) בת ה -16, בחזרה אל ביתה בקיבוץ ניר עוז כדי לחפש את כלבתה שאבדה שם במהלך הטבח של השבת השחורה בשביעי באוקטובר. הסרט ""על כלבים ואנשים"" צולם בנובמבר 2023 בקיבוץ ניר עוז ובאזור קו הגבול. הסרט צולם בהשתתפות תושבי המקום, ביניהם […]",65.00 ILS,https://www.cinema.co.il/wp-content/uploads/2025/09/%D7%A2%D7%9C-%D7%9B%D7%9C%D7%91%D7%99%D7%9D-%D7%95%D7%90%D7%A0%D7%A9%D7%99%D7%9D-%D7%97%D7%93%D7%A9.jpg,https://www.cinema.co.il/event/%d7%aa%d7%9e%d7%95%d7%9c-%d7%a9%d7%9c%d7%a9%d7%95%d7%9d-2026-%d7%91-%d7%9e%d7%a4%d7%92%d7%a9-6/,Cinematheque Tel Aviv,Cinematheque Tel Aviv,active,Other,2026-10-04,אולם 3,,20261004,27,04.10.2026 17:00,אולם 3,https://cintlv.presglobal.store/order/130746,תמול שלשום 2026 | חלק ב',21002
130849,גלים של תקווה + הרצאה,"גלים של תקווה (צ'כיה/ סלובקיה 2024)
בימוי: ייז׳י מאדל
 משחק: וויצ'ך וודוחודסקי, אנדרי סטופקה, טטיאנה פאוהופובה, סטניסלב מאייר, וויצ'ך קוטק
WAVES 
Dir: Jiri Madl 
פראג של 1968 מהדהדת רוק-נ-רול ואביב שמנסה להפציע. פאבל פעיל במחאות סטודנטים בעוד אחיו הבכור, תומאש מתקבל לעבודה ברדיו צ'כוסלובקיה, מעוז אחרון של חופש דיבור. תחת מעקב השירותים החשאיים הם נאבקים בצנזורה, חושפים שחיתויות ומוצאים עצמם בלב הסערה לנוכח רגעים ששינו את העולם. דרמה סוחפת שזכתה בפרס ""חביב הקהל"" בפסטיבל קרלובי וארי.
131 דקות, צ'כית, תרגום לעברית ואנגלית

 טריילר : https://youtu.be/kgd6yIKbfgs
לפני הסרט הרצאתו של קובי חוברה
""החירות נישאת באוויר""
 לתקשורת חופשית ואובייקטיבית תפקיד מהותי בשמירה על חופש ודמוקרטיה.
 מתחילת המאה ה - 20 לרדיו השפעה גדולה על עיצוב דעת הקהל. המסרים הנישאים מעל גלי האתר יכולים לשרת שלטון ולהכתיב מציאות, או לשקף אמת ולהגן על החירות.
 כך באביב של פראג וכך גם היום.
 קובי חוברה, מרצה להיסטוריה, יועץ היס",65.00 ILS,https://www.cinema.co.il/wp-content/uploads/2026/04/%D7%92%D7%9C%D7%99%D7%9D.jpg,https://www.cinema.co.il/event/%d7%92%d7%9c%d7%99%d7%9d-%d7%a9%d7%9c-%d7%aa%d7%a7%d7%95%d7%95%d7%94-%d7%94%d7%a8%d7%a6%d7%90%d7%94/,Cinematheque Tel Aviv,Cinematheque Tel Aviv,active,Other,2026-10-10,אולם 1,,20261010,33,10.10.2026 11:00,אולם 1,https://cintlv.presglobal.store/order/130849,,19936
132694,פלונטר | מדובב | מעגל מחווה של דיסני | א,"מעגל מחווה לדיסני מגיעים לסינמטק!

18:00 התכנסות בלובי ומינגלינג 
19:00 כניסה לאולם וצפייה בסרט 

פלונטר | Tangled
הנסיכה עם השיער הארוך, פעמונית, בילתה את מרבית חייה לכודה בתוך מגדל גבוה. אך כאשר היא מתאהבת בשודד שעובר באזור, היא חייבת להסתכן ולצאת בפעם הראשונה לעולם הגדול ולמצוא את אהוב ליבה.

שחקנים / שחקניות מנדי מור זאקרי לוי דונה מרפי רון פרלמן ג'פרי טאמבור בראד גארט
במאי/ת נייתן גרנו ביירון הווארד
הפקה הפקה: רוי קונלי, עריכה: טים מרטנס, מוסיקה: אלן מנקן
אורך 100 דקות",45.00 ILS,https://www.cinema.co.il/wp-content/uploads/2023/06/logo.png,https://cintlv.presglobal.store/order/132694,Cinematheque Tel Aviv,Cinematheque Tel Aviv,archived,Other,2026-10-15,אולם 3,,20261015,38,15.10.2026 19:00,אולם 3,https://cintlv.presglobal.store/order/132694,,21273
130850,גלים של תקווה + הרצאה,"גלים של תקווה (צ'כיה/ סלובקיה 2024)
בימוי: ייז׳י מאדל
 משחק: וויצ'ך וודוחודסקי, אנדרי סטופקה, טטיאנה פאוהופובה, סטניסלב מאייר, וויצ'ך קוטק
WAVES 
Dir: Jiri Madl 
פראג של 1968 מהדהדת רוק-נ-רול ואביב שמנסה להפציע. פאבל פעיל במחאות סטודנטים בעוד אחיו הבכור, תומאש מתקבל לעבודה ברדיו צ'כוסלובקיה, מעוז אחרון של חופש דיבור. תחת מעקב השירותים החשאיים הם נאבקים בצנזורה, חושפים שחיתויות ומוצאים עצמם בלב הסערה לנוכח רגעים ששינו את העולם. דרמה סוחפת שזכתה בפרס ""חביב הקהל"" בפסטיבל קרלובי וארי.
131 דקות, צ'כית, תרגום לעברית ואנגלית

 טריילר : https://youtu.be/kgd6yIKbfgs
לפני הסרט הרצאתו של קובי חוברה
""החירות נישאת באוויר""
 לתקשורת חופשית ואובייקטיבית תפקיד מהותי בשמירה על חופש ודמוקרטיה.
 מתחילת המאה ה - 20 לרדיו השפעה גדולה על עיצוב דעת הקהל. המסרים הנישאים מעל גלי האתר יכולים לשרת שלטון ולהכתיב מציאות, או לשקף אמת ולהגן על החירות.
 כך באביב של פראג וכך גם היום.
 קובי חוברה, מרצה להיסטוריה, יועץ היס",65.00 ILS,https://www.cinema.co.il/wp-content/uploads/2026/04/%D7%92%D7%9C%D7%99%D7%9D.jpg,https://www.cinema.co.il/event/%d7%92%d7%9c%d7%99%d7%9d-%d7%a9%d7%9c-%d7%aa%d7%a7%d7%95%d7%95%d7%94-%d7%94%d7%a8%d7%a6%d7%90%d7%94/,Cinematheque Tel Aviv,Cinematheque Tel Aviv,active,Other,2026-10-17,אולם 1,,20261017,40,17.10.2026 11:00,אולם 1,https://cintlv.presglobal.store/order/130850,,19936
121506,רופוס,"רופוס (ארה״ב/קנדה 2025)
 R.U.F.U.S – REALLY UNUSUAL FUCKED UP SHIT
 בימוי: מארס רוברג'
 Dir: Mars Roberge
 שימו חגורות (או מסכות): אנתולוגיית אימה-פאנק וקאמפ על גבול הביזאר, שמערבבת זוועה, הומור שחור ותחושת ""מה לעזאזל ראיתי עכשיו?"". חמישה סיפורים מאת רופוס (הראפר ריק רוס) המספר צ'יזבאטים ל""קורבנות"" רנדומליים החולפות לידו בסלאמס לקול מחאותיה של אשתו.
 החלק המרכזי בסרט, מבוסס בחופשיות על המחזה הישראלי “צמחים מטפסים” מאת ארז מירנץ (קרוב, הבימה, צוותא 2014) על שני משותקים המחוברות למכונות החייאה המתכננים לברוח מבית החולים. 
 90 דקות, אנגלית, תרגום לעברית 
 בתום ההקרנה שיחה עם התסריטאי ארז מירנץ",45.00 ILS,https://www.cinema.co.il/wp-content/uploads/2026/02/%D7%A8%D7%95%D7%A4%D7%95%D7%A1.jpg,https://www.cinema.co.il/event/%d7%a8%d7%95%d7%a4%d7%95%d7%a1/,Cinematheque Tel Aviv,Cinematheque Tel Aviv,active,Other,2026-10-19,אולם 2,,20261019,42,19.10.2026 21:00,אולם 2,https://cintlv.presglobal.store/order/121506,,19631
130747,תמול שלשום 2026 ב' - מפגש 7,"מחדל ה-7.10. שלוש שנים. מסקנות ראשונות ושאלות פתוחות מרצה: אור הלר יוקרן: מכתב לדויד מכתב קולנועי של היוצר תום שובל לדויד קוניו, חבר קיבוץ ניר־עוז שנחטף לעזה ושוחרר לאחר 738 ימים בשבי. לפני עשור שיחק דויד יחד עם אחיו התאום איתן בסרטו העלילתי הראשון של שובל, ""הנוער"". הבמאי רוקם מסה קולנועית אישית לחבר ושותף ליצירה. […]",65.00 ILS,https://www.cinema.co.il/wp-content/uploads/2025/04/%D7%9E%D7%9B%D7%AA%D7%91-%D7%9C%D7%93%D7%95%D7%93.jpg,https://www.cinema.co.il/event/%d7%aa%d7%9e%d7%95%d7%9c-%d7%a9%d7%9c%d7%a9%d7%95%d7%9d-2026-%d7%91-%d7%9e%d7%a4%d7%92%d7%a9-7/,Cinematheque Tel Aviv,Cinematheque Tel Aviv,active,Other,2026-10-25,אולם 3,,20261025,48,25.10.2026 17:00,אולם 3,https://cintlv.presglobal.store/order/130747,תמול שלשום 2026 | חלק ב',21003
130748,תמול שלשום 2026 ב' - מפגש 8,"רצח רבין – כרוניקה של כישלון מבצעי מרצה: אהוד גול יוקרן: רבין: היום האחרון תיאור היום האחרון בחייו של ראש הממשלה יצחק רבין, שנרצח בעצרת למען השלום בכיכר מלכי ישראל (לימים 'כיכר רבין') בידי יגאל עמיר.",65.00 ILS,https://www.cinema.co.il/wp-content/uploads/2026/07/%D7%A8%D7%91%D7%99%D7%9F-%D7%94%D7%99%D7%95%D7%9D-%D7%94%D7%90%D7%97%D7%A8%D7%95%D7%9F.jpg,https://www.cinema.co.il/event/%d7%aa%d7%9e%d7%95%d7%9c-%d7%a9%d7%9c%d7%a9%d7%95%d7%9d-2026-%d7%91-%d7%9e%d7%a4%d7%92%d7%a9-8/,Cinematheque Tel Aviv,Cinematheque Tel Aviv,active,Other,2026-11-01,אולם 3,,20261101,55,01.11.2026 17:00,אולם 3,https://cintlv.presglobal.store/order/130748,תמול שלשום 2026 | חלק ב',21004
130749,תמול שלשום 2026 ב' - מפגש 9,"החזרת מינים נכחדים לחיים מרצה: ד""ר רועי צזנה יוקרן: עולם היורה 22 שנה אחרי מאורעות פארק היורה, האי איסלה נובלר הוא אתר נופש יוקרתי אליו מגיעים עשרות אלפי נופשים מידי שנה, לחוות את התקופה הפרהיסטורית של כדור הארץ מקרוב. . חוקר הדינוזאורים אוון גריידי מתבקש על ידי בעלי הפארק, סיימון מאסראני, ליצור דינוזאור חדש והיברידי […]",65.00 ILS,https://www.cinema.co.il/wp-content/uploads/2026/07/%D7%A2%D7%95%D7%9C%D7%9D-%D7%94%D7%99%D7%95%D7%A8%D7%94.jpg,https://www.cinema.co.il/event/%d7%aa%d7%9e%d7%95%d7%9c-%d7%a9%d7%9c%d7%a9%d7%95%d7%9d-2026-%d7%91-%d7%9e%d7%a4%d7%92%d7%a9-9/,Cinematheque Tel Aviv,Cinematheque Tel Aviv,active,Other,2026-11-08,אולם 3,,20261108,62,08.11.2026 17:00,אולם 3,https://cintlv.presglobal.store/order/130749,תמול שלשום 2026 | חלק ב',21005
130750,תמול שלשום 2026 ב' - מפגש 10,"התקווה היא לא כובע עם נוצות מרצה: מוקי צור יוקרן: החלוצות באמצעות צילומי ארכיון וקטעי יומנים ומכתבים, סרטה התיעודי של מיכל אביעד שופך אור על הצד החבוי והפחות מוכר של המפעל הציוני – הצד הנשי. הסרט מספר את סיפורן של נשים מהפכניות שיצאו ליישב את ארץ ישראל בתחילת שנות ה-20 של המאה הקודמת, בקיבוץ עין־חרוד. […]",65.00 ILS,https://www.cinema.co.il/wp-content/uploads/2026/07/%D7%94%D7%97%D7%9C%D7%95%D7%A6%D7%95%D7%AA.jpg,https://www.cinema.co.il/event/%d7%aa%d7%9e%d7%95%d7%9c-%d7%a9%d7%9c%d7%a9%d7%95%d7%9d-2026-%d7%91-%d7%9e%d7%a4%d7%92%d7%a9-10/,Cinematheque Tel Aviv,Cinematheque Tel Aviv,active,Other,2026-11-15,אולם 3,,20261115,69,15.11.2026 17:00,אולם 3,https://cintlv.presglobal.store/order/130750,תמול שלשום 2026 | חלק ב',21006
133429,השיגעון שלנו + הרצאה,"""השגעון שלנו"" - אירוע חד פעמי לט""ו באב
אחרי הלהיט העולמי ""זרים מושלמים"", פאולו ג'נובזה חוזר עם להיט חדש שסחף 2.5 מיליון איטלקים. ""השגעון שלנו"", קומדיה רומנטית מקסימה ומקורית המאפשרת הצצה למתרחש בראשיהם של פיירו ולארה במהלך הדייט הראשון שלהם. במהלך הערב נכיר את הקולות השונים בראש שלהם ואת הדמויות המרכיבות את אישיותם. ״השיגעון שלנו״ מפגיש אותנו עם הרומנטיות, האינסטינקטיביות, הרציונליות והקפריזיות שיש בכל אחד מאיתנו והקונפליקטים ביניהם. בואו להתאהב ולגלות את ההיגיון בשיגעון שלנו.

כשגבר ואשה נפגשים… הם מביאים ביחד איתם מקהלה שלמה של קולות פנימיים מופנמים, מודעים או פחות מודעים - שמבטאים את ההיסטוריה האישית שלהם, זכרונות הילדות, מערכת היחסים המשפחתית, חלומות, תשוקות וחששות. נדבר על כל אלה ועוד קצת...
ד""ר יעל דורון, פסיכולוגית שיקומית ואנליטיקאית קבוצתית. מנהלת ""מכון זוגות"", מתמחה בטיפול בנושאי זוגיות ויחסים. מלווה כמומחית את תכנית הטלוויזיה ""חתונה ממבט ראשון"".
השיגעון שלנו (איטליה 2025)
בימו",65.00 ILS,https://www.cinema.co.il/wp-content/uploads/2025/07/%D7%94%D7%A9%D7%92%D7%A2%D7%95%D7%9F-%D7%A9%D7%9C%D7%A0%D7%95.jpg,https://www.cinema.co.il/event/%d7%94%d7%a9%d7%92%d7%a2%d7%95%d7%9f-%d7%a9%d7%9c%d7%a0%d7%95-%d7%94%d7%a8%d7%a6%d7%90%d7%94/,Cinematheque Tel Aviv,Cinematheque Tel Aviv,active,Other,2026-11-21,אולם 3,,20261121,75,21.11.2026 11:00,אולם 3,https://cintlv.presglobal.store/order/133429,,18427
130751,תמול שלשום 2026 ב' - מפגש 11,"עיתונות תחת מתקפה מרצה: נורית קנטי יוקרן: גלים של תקווה פראג של 1968 מהדהדת רוקנ'רול, מחאות סטודנטים ואביב שמנסה להפציע. רדיו צ'כוסלובקיה הוא מעוז אחרון של חופש דיבור מול הקומוניזם השולט בכל. תומאש, חושש שאחיו הצעיר והמהפכן, פאבל, יתקבל לעבודה ברדיו. במפתיע, תומאש הוא זה שזוכה בעבודה לצד העיתונאי הנערץ ולוחם החופש מילאן ויינר. תחת […]",65.00 ILS,https://www.cinema.co.il/wp-content/uploads/2026/07/%D7%92%D7%9C%D7%99%D7%9D-%D7%A9%D7%9C-%D7%AA%D7%A7%D7%95%D7%95%D7%94.jpg,https://www.cinema.co.il/event/%d7%aa%d7%9e%d7%95%d7%9c-%d7%a9%d7%9c%d7%a9%d7%95%d7%9d-2026-%d7%91-%d7%9e%d7%a4%d7%92%d7%a9-11/,Cinematheque Tel Aviv,Cinematheque Tel Aviv,active,Other,2026-11-22,אולם 3,,20261122,76,22.11.2026 17:00,אולם 3,https://cintlv.presglobal.store/order/130751,תמול שלשום 2026 | חלק ב',21007
130752,תמול שלשום 2026 ב' - מפגש 12,"מוח של מוזיקאי -השפעת המוזיקה על המוח מרצה: ד""ר עמית עברון יוקרן: וויפלאש אנדרו, סטודנט צעיר בקולג', חולם להיות מוזיקאי מצליח. המורה שלו למוסיקה, פלטשר מעביר אותו משטר לימודים אינטנסיבי ולא שגרתי. שיטת הלימוד של פלטשר מוכיחה עצמה וגורמת לאנדרו לצבור ביטחון עצמי כמתופף, אך מרחיקה אותו מאביו, מחברתו ומחייו הקודמים.",65.00 ILS,https://www.cinema.co.il/wp-content/uploads/2019/12/%D7%95%D7%95%D7%99%D7%A4%D7%9C%D7%90%D7%A9.jpg,https://www.cinema.co.il/event/%d7%aa%d7%9e%d7%95%d7%9c-%d7%a9%d7%9c%d7%a9%d7%95%d7%9d-2026-%d7%91-%d7%9e%d7%a4%d7%92%d7%a9-12/,Cinematheque Tel Aviv,Cinematheque Tel Aviv,active,Other,2026-11-29,אולם 3,,20261129,83,29.11.2026 17:00,אולם 3,https://cintlv.presglobal.store/order/130752,תמול שלשום 2026 | חלק ב',21008
130753,תמול שלשום 2026 ב' - מפגש 13,"הקסם הצרפתי על המסך הגדול מרצה: יונתן גת יוקרן: בתוך הבית מדי שבוע, כחלק משיעורי הבית ומשימות הכתיבה, מגיש קלוד בן ה – 16 למורהו חיבור בו הוא מתאר את קורותיה של משפחה צרפתית ספק דמיונית ספק קיימת: רגעי היום יום הבנאליים, רגעי האהבה, השגרה, החלומות והכעסים. ג'רמיין, המורה, רואה בקלוד כשרון כתיבה מיוחד ובין […]",65.00 ILS,https://www.cinema.co.il/wp-content/uploads/2026/07/%D7%91%D7%AA%D7%95%D7%9A-%D7%94%D7%91%D7%99%D7%AA.jpg,https://www.cinema.co.il/event/%d7%aa%d7%9e%d7%95%d7%9c-%d7%a9%d7%9c%d7%a9%d7%95%d7%9d-2026-%d7%91-%d7%9e%d7%a4%d7%92%d7%a9-13/,Cinematheque Tel Aviv,Cinematheque Tel Aviv,active,Other,2026-12-06,אולם 3,,20261206,90,06.12.2026 17:00,אולם 3,https://cintlv.presglobal.store/order/130753,תמול שלשום 2026 | חלק ב',21009
130754,תמול שלשום 2026 ב' - מפגש 14,"פילוסופיה סטואית לימים קשים מרצה: ד""ר ג'רמי פוגל יוקרן: מחר תזרח השמש ""מחר תזרח השמש"" הוא סרטו החדש של אחד הבמאים האיטלקים האהובים של תקופתנו, נני מורטי, האחראי ללהיטים ""חדרו של הבן"", ""אמא שלי"" ו""שלוש קומות"". כעת חוזר מורטי בקומדיה חדשה, ספוגת נוסטלגיה ואהבה לקולנוע, שבה הוא גם משחק לצד כמה מהכוכבים האהובים ביותר של […]",65.00 ILS,https://www.cinema.co.il/wp-content/uploads/2023/07/%D7%9E%D7%97%D7%A8-%D7%AA%D7%96%D7%A8%D7%97-%D7%94%D7%A9%D7%9E%D7%A9.jpg,https://www.cinema.co.il/event/%d7%aa%d7%9e%d7%95%d7%9c-%d7%a9%d7%9c%d7%a9%d7%95%d7%9d-2026-%d7%91-%d7%9e%d7%a4%d7%92%d7%a9-14/,Cinematheque Tel Aviv,Cinematheque Tel Aviv,active,Other,2026-12-13,אולם 3,,20261213,97,13.12.2026 17:00,אולם 3,https://cintlv.presglobal.store/order/130754,תמול שלשום 2026 | חלק ב',21010
130755,תמול שלשום 2026 ב' - מפגש 15,"מה קורה לנפש בדמנציה? מרצה: ד""ר דפנה שפט יוקרן: הזיכרון הנצחי אוגוסטו גונגורה היה מכתבי הטלוויזיה הפוליטיים הבכירים בצ'ילה, שהקפיד לתעד את הזוועות שביצע משטר פינושה כדי שהעולם לא ישכח. לפני כעשור הוא חלה באלצהיימר וזיכרונו החל להתפוגג. זוגתו, פאולינה אוּרוּטיאה, שחקנית ושרת התרבות לשעבר, מטפלת בו מאז ומלווה אותו בניסיונותיו ההירואיים להיאחז בשבבי זיכרונותיו. […]",65.00 ILS,https://www.cinema.co.il/wp-content/uploads/2026/07/%D7%94%D7%96%D7%99%D7%9B%D7%A8%D7%95%D7%9F-%D7%94%D7%A0%D7%A6%D7%97%D7%99.jpg,https://www.cinema.co.il/event/%d7%aa%d7%9e%d7%95%d7%9c-%d7%a9%d7%9c%d7%a9%d7%95%d7%9d-2026-%d7%91-%d7%9e%d7%a4%d7%92%d7%a9-15/,Cinematheque Tel Aviv,Cinematheque Tel Aviv,active,Other,2026-12-20,אולם 3,,20261220,104,20.12.2026 17:00,אולם 3,https://cintlv.presglobal.store/order/130755,תמול שלשום 2026 | חלק ב',21011
130756,תמול שלשום 2026 ב' - מפגש 16,"הצד האחר של עיר האורות: האנטומיה החברתית של פרברי פריז מרצה: גליה פסח יוקרן: סיפור מהחיים אן גוגן היא מורה להיסטוריה בבית ספר מעורב בצרפת עם תלמידים נוצרים, מוסלמים ויהודים. אן מחליטה לנסות לאגדם על ידי הרשמה לתחרות בנושא ""ילדים ונוער במחנות הריכוז הנאציים"". כשמועד התחרות הולך ומתקרב, ילדי הכיתה מוצאים את עצמם נפתחים לנושא, […]",65.00 ILS,https://www.cinema.co.il/wp-content/uploads/2020/11/%D7%A1%D7%99%D7%A4%D7%95%D7%A8-%D7%9E%D7%94%D7%97%D7%99%D7%99%D7%9D.jpg,https://www.cinema.co.il/event/%d7%aa%d7%9e%d7%95%d7%9c-%d7%a9%d7%9c%d7%a9%d7%95%d7%9d-2026-%d7%91-%d7%9e%d7%a4%d7%92%d7%a9-16/,Cinematheque Tel Aviv,Cinematheque Tel Aviv,active,Other,2026-12-27,אולם 3,,20261227,111,27.12.2026 17:00,אולם 3,https://cintlv.presglobal.store/order/130756,תמול שלשום 2026 חלק ב',21012
